MAINTENANCE_AGENCY_ID,CUBE_ID,NAME,CODE,FRAMEWORK_ID,CUBE_STRUCTURE_ID,CUBE_TYPE,IS_ALLOWED,VALID_FROM,VALID_TO,VERSION,DESCRIPTION,PUBLISHED,DATASET_URL,FILTERS,DI_EXPORT
,ABS,ABS,,,ABS,,,,,,,,,,
,ACCNTNG_CNSLDTN_GRP,ACCNTNG_CNSLDTN_GRP,,,ACCNTNG_CNSLDTN_GRP,,,,,,,,,,
,ADVNC,ADVNC,,,ADVNC,,,,,,,,,,
,ADVNC_CRDTR_ASSGNMNT,ADVNC_CRDTR_ASSGNMNT,,,ADVNC_CRDTR_ASSGNMNT,,,,,,,,,,
,ADVNC_DBTR_ASSGNMNT,ADVNC_DBTR_ASSGNMNT,,,ADVNC_DBTR_ASSGNMNT,,,,,,,,,,
,ARCRFT_CLLTRL,ARCRFT_CLLTRL,,,ARCRFT_CLLTRL,,,,,,,,,,
,ASSCT,ASSCT,,,ASSCT,,,,,,,,,,
,ASSNGND_DBTR,ASSNGND_DBTR,,,ASSNGND_DBTR,,,,,,,,,,
,ASST_PL,ASST_PL,,,ASST_PL,,,,,,,,,,
,ASST_PL_CLLTRL_RCVD_ASSGNMNT,ASST_PL_CLLTRL_RCVD_ASSGNMNT,,,ASST_PL_CLLTRL_RCVD_ASSGNMNT,,,,,,,,,,
,ASST_PL_CRDT_TRNSFR,ASST_PL_CRDT_TRNSFR,,,ASST_PL_CRDT_TRNSFR,,,,,,,,,,
,ASST_PL_CVRD_BND_PRGRM,ASST_PL_CVRD_BND_PRGRM,,,ASST_PL_CVRD_BND_PRGRM,,,,,,,,,,
,ASST_PL_DBT_SCRTY_PSTN_ASSGNMNT,ASST_PL_DBT_SCRTY_PSTN_ASSGNMNT,,,ASST_PL_DBT_SCRTY_PSTN_ASSGNMNT,,,,,,,,,,
,ASST_PL_EQT_INSTRMNT_NT_SCRT_ASSGNMNT,ASST_PL_EQT_INSTRMNT_NT_SCRT_ASSGNMNT,,,ASST_PL_EQT_INSTRMNT_NT_SCRT_ASSGNMNT,,,,,,,,,,
,ASST_PL_EXCHNG_TRDBL_DRVTV_PSTN_ASSGNMNT,ASST_PL_EXCHNG_TRDBL_DRVTV_PSTN_ASSGNMNT,,,ASST_PL_EXCHNG_TRDBL_DRVTV_PSTN_ASSGNMNT,,,,,,,,,,
,ASST_PL_INSTRMNT_ASSGNMNT,ASST_PL_INSTRMNT_ASSGNMNT,,,ASST_PL_INSTRMNT_ASSGNMNT,,,,,,,,,,
,ASST_PL_LN_ASSGNMNT,ASST_PL_LN_ASSGNMNT,,,ASST_PL_LN_ASSGNMNT,,,,,,,,,,
,ASST_PL_OTC_DRVTV_INSTRMNT_ASSGNMNT,ASST_PL_OTC_DRVTV_INSTRMNT_ASSGNMNT,,,ASST_PL_OTC_DRVTV_INSTRMNT_ASSGNMNT,,,,,,,,,,
,ASST_PL_SCRTSTN,ASST_PL_SCRTSTN,,,ASST_PL_SCRTSTN,,,,,,,,,,
,AXIS,AXIS,,,AXIS,,,,,,,,,,
,AXIS_ORDINATE,AXIS_ORDINATE,,,AXIS_ORDINATE,,,,,,,,,,
,BLNC_SHT_EXCHNG_TRDBL_DRVTV_ASST_PSTN_IFRS,BLNC_SHT_EXCHNG_TRDBL_DRVTV_ASST_PSTN_IFRS,,,BLNC_SHT_EXCHNG_TRDBL_DRVTV_ASST_PSTN_IFRS,,,,,,,,,,
,BLNC_SHT_EXCHNG_TRDBL_DRVTV_ASST_PSTN_NGAAP,BLNC_SHT_EXCHNG_TRDBL_DRVTV_ASST_PSTN_NGAAP,,,BLNC_SHT_EXCHNG_TRDBL_DRVTV_ASST_PSTN_NGAAP,,,,,,,,,,
,BLNC_SHT_NTTNG,BLNC_SHT_NTTNG,,,BLNC_SHT_NTTNG,,,,,,,,,,
,BLNC_SHT_RCGNSD_ETD_LBLTY_PSTN,BLNC_SHT_RCGNSD_ETD_LBLTY_PSTN,,,BLNC_SHT_RCGNSD_ETD_LBLTY_PSTN,,,,,,,,,,
,BLNC_SHT_RCGNSD_EXCHNG_TRDBL_DRVTV_ASST_PSTN,BLNC_SHT_RCGNSD_EXCHNG_TRDBL_DRVTV_ASST_PSTN,,,BLNC_SHT_RCGNSD_EXCHNG_TRDBL_DRVTV_ASST_PSTN,,,,,,,,,,
,BLNC_SHT_RCGNSD_EXCHNG_TRDBL_DRVTV_ASST_PSTN_DRVD_DT,BLNC_SHT_RCGNSD_EXCHNG_TRDBL_DRVTV_ASST_PSTN_DRVD_DT,,,BLNC_SHT_RCGNSD_EXCHNG_TRDBL_DRVTV_ASST_PSTN_DRVD_DT,,,,,,,,,,
,BLNC_SHT_RCGNSD_FNNCL_ASST_INSTRMNT,BLNC_SHT_RCGNSD_FNNCL_ASST_INSTRMNT,,,BLNC_SHT_RCGNSD_FNNCL_ASST_INSTRMNT,,,,,,,,,,
,BLNC_SHT_RCGNSD_FNNCL_ASST_INSTRMNT_DRVD_DT,BLNC_SHT_RCGNSD_FNNCL_ASST_INSTRMNT_DRVD_DT,,,BLNC_SHT_RCGNSD_FNNCL_ASST_INSTRMNT_DRVD_DT,,,,,,,,,,
,BLNC_SHT_RCGNSD_FNNCL_ASST_INSTRMNT_IFRS,BLNC_SHT_RCGNSD_FNNCL_ASST_INSTRMNT_IFRS,,,BLNC_SHT_RCGNSD_FNNCL_ASST_INSTRMNT_IFRS,,,,,,,,,,
,BLNC_SHT_RCGNSD_FNNCL_ASST_INSTRMNT_NGAAP,BLNC_SHT_RCGNSD_FNNCL_ASST_INSTRMNT_NGAAP,,,BLNC_SHT_RCGNSD_FNNCL_ASST_INSTRMNT_NGAAP,,,,,,,,,,
,BLNC_SHT_RCGNSD_FNNCL_LBLTY_INSTRMNT,BLNC_SHT_RCGNSD_FNNCL_LBLTY_INSTRMNT,,,BLNC_SHT_RCGNSD_FNNCL_LBLTY_INSTRMNT,,,,,,,,,,
,BNFCRY,BNFCRY,,,BNFCRY,,,,,,,,,,
,BRNCH,BRNCH,,,BRNCH,,,,,,,,,,
,BRRWR,BRRWR,,,BRRWR,,,,,,,,,,
,BUYR,BUYR,,,BUYR,,,,,,,,,,
,Balance_sheet_recognised_exchange_tradable_derivative_asset_position_by_accounting_standard,Balance_sheet_recognised_exchange_tradable_derivative_asset_position_by_accounting_standard,,,Balance_sheet_recognised_exchange_tradable_derivative_asset_position_by_accounting_standard,,,,,,,,,,
,Balance_sheet_recognised_exchange_tradable_derivative_asset_position_type,Balance_sheet_recognised_exchange_tradable_derivative_asset_position_type,,,Balance_sheet_recognised_exchange_tradable_derivative_asset_position_type,,,,,,,,,,
,Balance_sheet_recognised_financial_asset_instrument_by_fair_value_type,Balance_sheet_recognised_financial_asset_instrument_by_fair_value_type,,,Balance_sheet_recognised_financial_asset_instrument_by_fair_value_type,,,,,,,,,,
,Balance_sheet_recognised_financial_asset_instrument_type,Balance_sheet_recognised_financial_asset_instrument_type,,,Balance_sheet_recognised_financial_asset_instrument_type,,,,,,,,,,
,CB_NT_ECB,CB_NT_ECB,,,CB_NT_ECB,,,,,,,,,,
,CELL_POSITION,CELL_POSITION,,,CELL_POSITION,,,,,,,,,,
,CLLTRL,CLLTRL,,,CLLTRL,,,,,,,,,,
,CLLTRL_ANNX,CLLTRL_ANNX,,,CLLTRL_ANNX,,,,,,,,,,
,CLLTRL_DRVD_DT,CLLTRL_DRVD_DT,,,CLLTRL_DRVD_DT,,,,,,,,,,
,CLLTRL_GVN,CLLTRL_GVN,,,CLLTRL_GVN,,,,,,,,,,
,CLLTRL_GVN_INSTRMNT,CLLTRL_GVN_INSTRMNT,,,CLLTRL_GVN_INSTRMNT,,,,,,,,,,
,CLLTRL_GVN_INSTRMNT_DBT_SCRTY_ISSD_ASSGNMNT,CLLTRL_GVN_INSTRMNT_DBT_SCRTY_ISSD_ASSGNMNT,,,CLLTRL_GVN_INSTRMNT_DBT_SCRTY_ISSD_ASSGNMNT,,,,,,,,,,
,CLLTRL_GVN_INSTRMNT_INSTRMNT_ASSGNMNT,CLLTRL_GVN_INSTRMNT_INSTRMNT_ASSGNMNT,,,CLLTRL_GVN_INSTRMNT_INSTRMNT_ASSGNMNT,,,,,,,,,,
,CLLTRL_NN_FNNCL_ASST_ASSGNMNT,CLLTRL_NN_FNNCL_ASST_ASSGNMNT,,,CLLTRL_NN_FNNCL_ASST_ASSGNMNT,,,,,,,,,,
,CLLTRL_NT_OBTND,CLLTRL_NT_OBTND,,,CLLTRL_NT_OBTND,,,,,,,,,,
,CLLTRL_OBTND,CLLTRL_OBTND,,,CLLTRL_OBTND,,,,,,,,,,
,CLLTRL_OBTND_TKNG_PSSSSN,CLLTRL_OBTND_TKNG_PSSSSN,,,CLLTRL_OBTND_TKNG_PSSSSN,,,,,,,,,,
,CLLTRL_OBTND_TKNG_PSSSSN_DRVD_DT,CLLTRL_OBTND_TKNG_PSSSSN_DRVD_DT,,,CLLTRL_OBTND_TKNG_PSSSSN_DRVD_DT,,,,,,,,,,
,CLLTRL_RCVD,CLLTRL_RCVD,,,CLLTRL_RCVD,,,,,,,,,,
,CLLTRL_RCVD_INSTRMNT,CLLTRL_RCVD_INSTRMNT,,,CLLTRL_RCVD_INSTRMNT,,,,,,,,,,
,CLLTRL_RCVD_INSTRMNT_DRVD_DT,CLLTRL_RCVD_INSTRMNT_DRVD_DT,,,CLLTRL_RCVD_INSTRMNT_DRVD_DT,,,,,,,,,,
,CLLTRL_RCVD_INSTRMNT_OBTND_TKNG_PSSSSN,CLLTRL_RCVD_INSTRMNT_OBTND_TKNG_PSSSSN,,,CLLTRL_RCVD_INSTRMNT_OBTND_TKNG_PSSSSN,,,,,,,,,,
,CLLTRL_RCVD_INSTRMNT_OBTND_TKNG_PSSSSN_DRVD_DT,CLLTRL_RCVD_INSTRMNT_OBTND_TKNG_PSSSSN_DRVD_DT,,,CLLTRL_RCVD_INSTRMNT_OBTND_TKNG_PSSSSN_DRVD_DT,,,,,,,,,,
,CLLTRL_RL,CLLTRL_RL,,,CLLTRL_RL,,,,,,,,,,
,CLRNG_MMBR,CLRNG_MMBR,,,CLRNG_MMBR,,,,,,,,,,
,CMMDTY_CLLTRL,CMMDTY_CLLTRL,,,CMMDTY_CLLTRL,,,,,,,,,,
,CMMDTY_RSK_FCTR_FR_STNDRDSD_APPRCH,CMMDTY_RSK_FCTR_FR_STNDRDSD_APPRCH,,,CMMDTY_RSK_FCTR_FR_STNDRDSD_APPRCH,,,,,,,,,,
,CMMRCL_RL_ESTT_CLLTRL,CMMRCL_RL_ESTT_CLLTRL,,,CMMRCL_RL_ESTT_CLLTRL,,,,,,,,,,
,CMMRCL_RL_ESTT_OFFCS_CMMRCL_PRMSS_CLLTRL,CMMRCL_RL_ESTT_OFFCS_CMMRCL_PRMSS_CLLTRL,,,CMMRCL_RL_ESTT_OFFCS_CMMRCL_PRMSS_CLLTRL,,,,,,,,,,
,CNTRL_BNK,CNTRL_BNK,,,CNTRL_BNK,,,,,,,,,,
,CNTRL_BNK_CRPRTN,CNTRL_BNK_CRPRTN,,,CNTRL_BNK_CRPRTN,,,,,,,,,,
,CNTRL_BNK_PRVT_SCTR_CMPNY,CNTRL_BNK_PRVT_SCTR_CMPNY,,,CNTRL_BNK_PRVT_SCTR_CMPNY,,,,,,,,,,
,CNTRL_BNK_PRVT_SCTR_CMPNY_RL,CNTRL_BNK_PRVT_SCTR_CMPNY_RL,,,CNTRL_BNK_PRVT_SCTR_CMPNY_RL,,,,,,,,,,
,CNTRL_CNTRPRTY_CLNT,CNTRL_CNTRPRTY_CLNT,,,CNTRL_CNTRPRTY_CLNT,,,,,,,,,,
,CNTRL_GVRNMNT,CNTRL_GVRNMNT,,,CNTRL_GVRNMNT,,,,,,,,,,
,CNTRL_GVRNMNT_RTNG_SYSTM,CNTRL_GVRNMNT_RTNG_SYSTM,,,CNTRL_GVRNMNT_RTNG_SYSTM,,,,,,,,,,
,COMBINATION,COMBINATION,,,COMBINATION,,,,,,,,,,
,COMBINATION_ITEM,COMBINATION_ITEM,,,COMBINATION_ITEM,,,,,,,,,,
,CRDTR,CRDTR,,,CRDTR,,,,,,,,,,
,CRDT_CRD_DBT,CRDT_CRD_DBT,,,CRDT_CRD_DBT,,,,,,,,,,
,CRDT_CRD_DBT_CRDTR_ASSGNMNT,CRDT_CRD_DBT_CRDTR_ASSGNMNT,,,CRDT_CRD_DBT_CRDTR_ASSGNMNT,,,,,,,,,,
,CRDT_CRD_DBT_DBTR_ASSGNMNT,CRDT_CRD_DBT_DBTR_ASSGNMNT,,,CRDT_CRD_DBT_DBTR_ASSGNMNT,,,,,,,,,,
,CRDT_FCLTY,CRDT_FCLTY,,,CRDT_FCLTY,,,,,,,,,,
,CRDT_FCLTY_CLLTRL_ASSGNMNT,CRDT_FCLTY_CLLTRL_ASSGNMNT,,,CRDT_FCLTY_CLLTRL_ASSGNMNT,,,,,,,,,,
,CRDT_FCLTY_CLLTRL_RCVD_INSTRMNT_ASSGNMNT,CRDT_FCLTY_CLLTRL_RCVD_INSTRMNT_ASSGNMNT,,,CRDT_FCLTY_CLLTRL_RCVD_INSTRMNT_ASSGNMNT,,,,,,,,,,
,CRDT_FCLTY_CRDTR_ASSGNMNT,CRDT_FCLTY_CRDTR_ASSGNMNT,,,CRDT_FCLTY_CRDTR_ASSGNMNT,,,,,,,,,,
,CRDT_FCLTY_DBTR_ASSGNMNT,CRDT_FCLTY_DBTR_ASSGNMNT,,,CRDT_FCLTY_DBTR_ASSGNMNT,,,,,,,,,,
,CRDT_FCLTY_DRVD_DT,CRDT_FCLTY_DRVD_DT,,,CRDT_FCLTY_DRVD_DT,,,,,,,,,,
,CRDT_FCLTY_ENTTY_RL_ASSGNMNT,CRDT_FCLTY_ENTTY_RL_ASSGNMNT,,,CRDT_FCLTY_ENTTY_RL_ASSGNMNT,,,,,,,,,,
,CRDT_FCLTY_INTRST_RT,CRDT_FCLTY_INTRST_RT,,,CRDT_FCLTY_INTRST_RT,,,,,,,,,,
,CRDT_FCLTY_RSK_DT,CRDT_FCLTY_RSK_DT,,,CRDT_FCLTY_RSK_DT,,,,,,,,,,
,CRDT_FCLTY_RSK_DT_DRVD_DT,CRDT_FCLTY_RSK_DT_DRVD_DT,,,CRDT_FCLTY_RSK_DT_DRVD_DT,,,,,,,,,,
,CRDT_FCLTY_SRVCR_ASSGNMNT,CRDT_FCLTY_SRVCR_ASSGNMNT,,,CRDT_FCLTY_SRVCR_ASSGNMNT,,,,,,,,,,
,CRDT_INSTTTN,CRDT_INSTTTN,,,CRDT_INSTTTN,,,,,,,,,,
,CRDT_RSK_MTGTN_ARRGMNT,CRDT_RSK_MTGTN_ARRGMNT,,,CRDT_RSK_MTGTN_ARRGMNT,,,,,,,,,,
,CRDT_RSK_MTGTN_ASSGNMNT,CRDT_RSK_MTGTN_ASSGNMNT,,,CRDT_RSK_MTGTN_ASSGNMNT,,,,,,,,,,
,CRDT_SPRD_RSK_NN_SCRTSTN_RSK_FCTR_STNDRDSD_APPRCH,CRDT_SPRD_RSK_NN_SCRTSTN_RSK_FCTR_STNDRDSD_APPRCH,,,CRDT_SPRD_RSK_NN_SCRTSTN_RSK_FCTR_STNDRDSD_APPRCH,,,,,,,,,,
,CRDT_TRNSFR_OTHR_SCRTSTN_CVRD_BND_PRGRM,CRDT_TRNSFR_OTHR_SCRTSTN_CVRD_BND_PRGRM,,,CRDT_TRNSFR_OTHR_SCRTSTN_CVRD_BND_PRGRM,,,,,,,,,,
,CRRNCY_CLLTRL,CRRNCY_CLLTRL,,,CRRNCY_CLLTRL,,,,,,,,,,
,CRRNT_TX_ASST,CRRNT_TX_ASST,,,CRRNT_TX_ASST,,,,,,,,,,
,CRRNT_TX_LBLTY,CRRNT_TX_LBLTY,,,CRRNT_TX_LBLTY,,,,,,,,,,
,CRVTR,CRVTR,,,CRVTR,,,,,,,,,,
,CSH_HND,CSH_HND,,,CSH_HND,,,,,,,,,,
,CSH_LG,CSH_LG,,,CSH_LG,,,,,,,,,,
,CUBE,CUBE,,,CUBE,,,,,,,,,,
,CUBE_LINK,CUBE_LINK,,,CUBE_LINK,,,,,,,,,,
,CUBE_STRUCTURE,CUBE_STRUCTURE,,,CUBE_STRUCTURE,,,,,,,,,,
,CUBE_STRUCTURE_ITEM,CUBE_STRUCTURE_ITEM,,,CUBE_STRUCTURE_ITEM,,,,,,,,,,
,CUBE_STRUCTURE_ITEM_LINK,CUBE_STRUCTURE_ITEM_LINK,,,CUBE_STRUCTURE_ITEM_LINK,,,,,,,,,,
,CUBE_TO_COMBINATION,CUBE_TO_COMBINATION,,,CUBE_TO_COMBINATION,,,,,,,,,,
,CVRD_BND,CVRD_BND,,,CVRD_BND,,,,,,,,,,
,CVRD_BND_ISSNC,CVRD_BND_ISSNC,,,CVRD_BND_ISSNC,,,,,,,,,,
,CVRD_BND_PRGRM,CVRD_BND_PRGRM,,,CVRD_BND_PRGRM,,,,,,,,,,
,CVRD_BND_PRGRMM_RLVNT_RGM_EXCSS,CVRD_BND_PRGRMM_RLVNT_RGM_EXCSS,,,CVRD_BND_PRGRMM_RLVNT_RGM_EXCSS,,,,,,,,,,
,Central_bank_and_private_sector_company_type,Central_bank_and_private_sector_company_type,,,Central_bank_and_private_sector_company_type,,,,,,,,,,
,Collateral_received_instrument_type,Collateral_received_instrument_type,,,Collateral_received_instrument_type,,,,,,,,,,
,Collateral_type,Collateral_type,,,Collateral_type,,,,,,,,,,
,DBT_SCRTY,DBT_SCRTY,,,DBT_SCRTY,,,,,,,,,,
,DBT_SCRTY_BRRWNG_LNDNG_TRNSCTN_CMPNNT,DBT_SCRTY_BRRWNG_LNDNG_TRNSCTN_CMPNNT,,,DBT_SCRTY_BRRWNG_LNDNG_TRNSCTN_CMPNNT,,,,,,,,,,
,DBT_SCRTY_DBTR_ASSGNMNT,DBT_SCRTY_DBTR_ASSGNMNT,,,DBT_SCRTY_DBTR_ASSGNMNT,,,,,,,,,,
,DBT_SCRTY_DRVD_DT,DBT_SCRTY_DRVD_DT,,,DBT_SCRTY_DRVD_DT,,,,,,,,,,
,DBT_SCRTY_IFRS,DBT_SCRTY_IFRS,,,DBT_SCRTY_IFRS,,,,,,,,,,
,DBT_SCRTY_ISSD,DBT_SCRTY_ISSD,,,DBT_SCRTY_ISSD,,,,,,,,,,
,DBT_SCRTY_ISSD_BNKNG_BK,DBT_SCRTY_ISSD_BNKNG_BK,,,DBT_SCRTY_ISSD_BNKNG_BK,,,,,,,,,,
,DBT_SCRTY_ISSD_DRVD_DT,DBT_SCRTY_ISSD_DRVD_DT,,,DBT_SCRTY_ISSD_DRVD_DT,,,,,,,,,,
,DBT_SCRTY_ISSD_HDG,DBT_SCRTY_ISSD_HDG,,,DBT_SCRTY_ISSD_HDG,,,,,,,,,,
,DBT_SCRTY_ISSD_PRTCN_ARRNGMNT_GVN_ASSGNMNT,DBT_SCRTY_ISSD_PRTCN_ARRNGMNT_GVN_ASSGNMNT,,,DBT_SCRTY_ISSD_PRTCN_ARRNGMNT_GVN_ASSGNMNT,,,,,,,,,,
,DBT_SCRTY_ISSD_TRDNG_BK,DBT_SCRTY_ISSD_TRDNG_BK,,,DBT_SCRTY_ISSD_TRDNG_BK,,,,,,,,,,
,DBT_SCRTY_ISSD_TRDNG_BK_IFRS,DBT_SCRTY_ISSD_TRDNG_BK_IFRS,,,DBT_SCRTY_ISSD_TRDNG_BK_IFRS,,,,,,,,,,
,DBT_SCRTY_ISSD_TRDNG_BK_NGAAP,DBT_SCRTY_ISSD_TRDNG_BK_NGAAP,,,DBT_SCRTY_ISSD_TRDNG_BK_NGAAP,,,,,,,,,,
,DBT_SCRTY_ISSD_TRDTNL_SCRTSTN_ASSGNMNT,DBT_SCRTY_ISSD_TRDTNL_SCRTSTN_ASSGNMNT,,,DBT_SCRTY_ISSD_TRDTNL_SCRTSTN_ASSGNMNT,,,,,,,,,,
,DBT_SCRTY_NGAAP,DBT_SCRTY_NGAAP,,,DBT_SCRTY_NGAAP,,,,,,,,,,
,DBT_SCRTY_PSTN_HDGD_OTC_DRVTV,DBT_SCRTY_PSTN_HDGD_OTC_DRVTV,,,DBT_SCRTY_PSTN_HDGD_OTC_DRVTV,,,,,,,,,,
,DBT_SCRTY_SCRTY_RPRCHS_AGRMNT_CMPNNT_ASSGNMNT,DBT_SCRTY_SCRTY_RPRCHS_AGRMNT_CMPNNT_ASSGNMNT,,,DBT_SCRTY_SCRTY_RPRCHS_AGRMNT_CMPNNT_ASSGNMNT,,,,,,,,,,
,DBT_SCRTY_WTHT_UNDRLYNG_ASSTS,DBT_SCRTY_WTHT_UNDRLYNG_ASSTS,,,DBT_SCRTY_WTHT_UNDRLYNG_ASSTS,,,,,,,,,,
,DBT_SCRTY_WTH_UNDRLYNG_ASSTS,DBT_SCRTY_WTH_UNDRLYNG_ASSTS,,,DBT_SCRTY_WTH_UNDRLYNG_ASSTS,,,,,,,,,,
,DFLT_FNNCL_ASST_INSTRMNT_INDVDLLY_ASSSSD,DFLT_FNNCL_ASST_INSTRMNT_INDVDLLY_ASSSSD,,,DFLT_FNNCL_ASST_INSTRMNT_INDVDLLY_ASSSSD,,,,,,,,,,
,DFRRD_TX_ASST,DFRRD_TX_ASST,,,DFRRD_TX_ASST,,,,,,,,,,
,DFRRD_TX_LBLTY,DFRRD_TX_LBLTY,,,DFRRD_TX_LBLTY,,,,,,,,,,
,DLT_SNSTVTY,DLT_SNSTVTY,,,DLT_SNSTVTY,,,,,,,,,,
,DMND_DPST_NT_MNMM_RSRV,DMND_DPST_NT_MNMM_RSRV,,,DMND_DPST_NT_MNMM_RSRV,,,,,,,,,,
,DMSTC_BRNCH,DMSTC_BRNCH,,,DMSTC_BRNCH,,,,,,,,,,
,DMSTC_INSTTTNL_UNT,DMSTC_INSTTTNL_UNT,,,DMSTC_INSTTTNL_UNT,,,,,,,,,,
,DOMAIN,DOMAIN,,,DOMAIN,,,,,,,,,,
,DPST,DPST,,,DPST,,,,,,,,,,
,DPSTR,DPSTR,,,DPSTR,,,,,,,,,,
,DPST_DPSTR_ASSGNMNT,DPST_DPSTR_ASSGNMNT,,,DPST_DPSTR_ASSGNMNT,,,,,,,,,,
,DPST_DPST_TKNG_CRPRTN_ASSGNMNT,DPST_DPST_TKNG_CRPRTN_ASSGNMNT,,,DPST_DPST_TKNG_CRPRTN_ASSGNMNT,,,,,,,,,,
,DPST_RDMBL_NTC,DPST_RDMBL_NTC,,,DPST_RDMBL_NTC,,,,,,,,,,
,DPST_TKNG_CRPRTN,DPST_TKNG_CRPRTN,,,DPST_TKNG_CRPRTN,,,,,,,,,,
,DPST_WTH_AGRD_MTRTY,DPST_WTH_AGRD_MTRTY,,,DPST_WTH_AGRD_MTRTY,,,,,,,,,,
,DSCRNT_EXCSS_SPRD,DSCRNT_EXCSS_SPRD,,,DSCRNT_EXCSS_SPRD,,,,,,,,,,
,Debt_security_by_Performing_status_type,Debt_security_by_Performing_status_type,,,Debt_security_by_Performing_status_type,,,,,,,,,,
,Debt_security_by_accounting_standard,Debt_security_by_accounting_standard,,,Debt_security_by_accounting_standard,,,,,,,,,,
,Debt_security_issued_prudential_portfolio_type,Debt_security_issued_prudential_portfolio_type,,,Debt_security_issued_prudential_portfolio_type,,,,,,,,,,
,Debt_security_issued_type,Debt_security_issued_type,,,Debt_security_issued_type,,,,,,,,,,
,Debt_security_type,Debt_security_type,,,Debt_security_type,,,,,,,,,,
,ECB,ECB,,,ECB,,,,,,,,,,
,EMPLY_BNFT,EMPLY_BNFT,,,EMPLY_BNFT,,,,,,,,,,
,ENTTY_GRP_RL,ENTTY_GRP_RL,,,ENTTY_GRP_RL,,,,,,,,,,
,ENTTY_RL,ENTTY_RL,,,ENTTY_RL,,,,,,,,,,
,ENTTY_TRNSCTN_RL,ENTTY_TRNSCTN_RL,,,ENTTY_TRNSCTN_RL,,,,,,,,,,
,EQTY_FND_SCRTY,EQTY_FND_SCRTY,,,EQTY_FND_SCRTY,,,,,,,,,,
,EQTY_FND_SCRTY_BRRWNG_LNDNG_TRNSCTN_CMPNNT,EQTY_FND_SCRTY_BRRWNG_LNDNG_TRNSCTN_CMPNNT,,,EQTY_FND_SCRTY_BRRWNG_LNDNG_TRNSCTN_CMPNNT,,,,,,,,,,
,EQTY_FND_SCRTY_PSTN_HDGD_OTC_DRVTV,EQTY_FND_SCRTY_PSTN_HDGD_OTC_DRVTV,,,EQTY_FND_SCRTY_PSTN_HDGD_OTC_DRVTV,,,,,,,,,,
,EQTY_FND_SCRTY_SCRTY_RPRCHS_AGRMNT_CMPNNT_ASSGNMNT,EQTY_FND_SCRTY_SCRTY_RPRCHS_AGRMNT_CMPNNT_ASSGNMNT,,,EQTY_FND_SCRTY_SCRTY_RPRCHS_AGRMNT_CMPNNT_ASSGNMNT,,,,,,,,,,
,EQTY_INSTRMNT_NT_SCRTY_INVSTR_ASSGNMNT,EQTY_INSTRMNT_NT_SCRTY_INVSTR_ASSGNMNT,,,EQTY_INSTRMNT_NT_SCRTY_INVSTR_ASSGNMNT,,,,,,,,,,
,EQTY_INSTRMNT_NT_SCRTY_ISSR_ASSGNMNT,EQTY_INSTRMNT_NT_SCRTY_ISSR_ASSGNMNT,,,EQTY_INSTRMNT_NT_SCRTY_ISSR_ASSGNMNT,,,,,,,,,,
,EQTY_RSK_FCTR,EQTY_RSK_FCTR,,,EQTY_RSK_FCTR,,,,,,,,,,
,EQTY_SCRTY,EQTY_SCRTY,,,EQTY_SCRTY,,,,,,,,,,
,EQT_INSTRMNT_LG,EQT_INSTRMNT_LG,,,EQT_INSTRMNT_LG,,,,,,,,,,
,EQT_INSTRMNT_LG_EQT_INSTRMNT_NT_SCRT_ASSGNMNT,EQT_INSTRMNT_LG_EQT_INSTRMNT_NT_SCRT_ASSGNMNT,,,EQT_INSTRMNT_LG_EQT_INSTRMNT_NT_SCRT_ASSGNMNT,,,,,,,,,,
,EQT_INSTRMNT_NT_SCRT,EQT_INSTRMNT_NT_SCRT,,,EQT_INSTRMNT_NT_SCRT,,,,,,,,,,
,EQT_INSTRMNT_NT_SCRT_HDG,EQT_INSTRMNT_NT_SCRT_HDG,,,EQT_INSTRMNT_NT_SCRT_HDG,,,,,,,,,,
,ETD_LBLTY_PSTN_SNTHTC_SCRTSTN_ASSGNMNT,ETD_LBLTY_PSTN_SNTHTC_SCRTSTN_ASSGNMNT,,,ETD_LBLTY_PSTN_SNTHTC_SCRTSTN_ASSGNMNT,,,,,,,,,,
,EU_MMBR_PRTY,EU_MMBR_PRTY,,,EU_MMBR_PRTY,,,,,,,,,,
,EXCHNG_TRDBL_DRVTV,EXCHNG_TRDBL_DRVTV,,,EXCHNG_TRDBL_DRVTV,,,,,,,,,,
,EXCHNG_TRDBL_DRVTV_ASST_LBLTY_PSTN,EXCHNG_TRDBL_DRVTV_ASST_LBLTY_PSTN,,,EXCHNG_TRDBL_DRVTV_ASST_LBLTY_PSTN,,,,,,,,,,
,EXCHNG_TRDBL_DRVTV_ASST_PSTN,EXCHNG_TRDBL_DRVTV_ASST_PSTN,,,EXCHNG_TRDBL_DRVTV_ASST_PSTN,,,,,,,,,,
,EXCHNG_TRDBL_DRVTV_ASST_PSTN_DRVD_DT,EXCHNG_TRDBL_DRVTV_ASST_PSTN_DRVD_DT,,,EXCHNG_TRDBL_DRVTV_ASST_PSTN_DRVD_DT,,,,,,,,,,
,EXCHNG_TRDBL_DRVTV_CLLTRL,EXCHNG_TRDBL_DRVTV_CLLTRL,,,EXCHNG_TRDBL_DRVTV_CLLTRL,,,,,,,,,,
,EXCHNG_TRDBL_DRVTV_DRVD_DT,EXCHNG_TRDBL_DRVTV_DRVD_DT,,,EXCHNG_TRDBL_DRVTV_DRVD_DT,,,,,,,,,,
,EXCHNG_TRDBL_DRVTV_HDG_PSTN,EXCHNG_TRDBL_DRVTV_HDG_PSTN,,,EXCHNG_TRDBL_DRVTV_HDG_PSTN,,,,,,,,,,
,EXCHNG_TRDBL_DRVTV_LBLTY_PSTN,EXCHNG_TRDBL_DRVTV_LBLTY_PSTN,,,EXCHNG_TRDBL_DRVTV_LBLTY_PSTN,,,,,,,,,,
,EXCHNG_TRDBL_DRVTV_LBLTY_PSTN_DRVD_DT,EXCHNG_TRDBL_DRVTV_LBLTY_PSTN_DRVD_DT,,,EXCHNG_TRDBL_DRVTV_LBLTY_PSTN_DRVD_DT,,,,,,,,,,
,EXCHNG_TRDBL_DRVTV_PSTN,EXCHNG_TRDBL_DRVTV_PSTN,,,EXCHNG_TRDBL_DRVTV_PSTN,,,,,,,,,,
,EXCHNG_TRDBL_DRVTV_PSTN_HDG_IFRS,EXCHNG_TRDBL_DRVTV_PSTN_HDG_IFRS,,,EXCHNG_TRDBL_DRVTV_PSTN_HDG_IFRS,,,,,,,,,,
,EXCHNG_TRDBL_DRVTV_PSTN_HDG_NGAAP,EXCHNG_TRDBL_DRVTV_PSTN_HDG_NGAAP,,,EXCHNG_TRDBL_DRVTV_PSTN_HDG_NGAAP,,,,,,,,,,
,EXCHNG_TRDBL_DRVTV_PSTN_PRTCN_ARRNGMNT_ASSGNMNT,EXCHNG_TRDBL_DRVTV_PSTN_PRTCN_ARRNGMNT_ASSGNMNT,,,EXCHNG_TRDBL_DRVTV_PSTN_PRTCN_ARRNGMNT_ASSGNMNT,,,,,,,,,,
,EXCHNG_TRDBL_DRVTV_PSTN_PRTCTN_ARRNGMNT_RCVD_ASSGNMNT,EXCHNG_TRDBL_DRVTV_PSTN_PRTCTN_ARRNGMNT_RCVD_ASSGNMNT,,,EXCHNG_TRDBL_DRVTV_PSTN_PRTCTN_ARRNGMNT_RCVD_ASSGNMNT,,,,,,,,,,
,EXCHNG_TRDBL_DRVTV_PSTN_RL,EXCHNG_TRDBL_DRVTV_PSTN_RL,,,EXCHNG_TRDBL_DRVTV_PSTN_RL,,,,,,,,,,
,EXCHNG_TRDBL_FTR,EXCHNG_TRDBL_FTR,,,EXCHNG_TRDBL_FTR,,,,,,,,,,
,EXCHNG_TRDBL_OPTN,EXCHNG_TRDBL_OPTN,,,EXCHNG_TRDBL_OPTN,,,,,,,,,,
,FACET_COLLECTION,FACET_COLLECTION,,,FACET_COLLECTION,,,,,,,,,,
,FCTR,FCTR,,,FCTR,,,,,,,,,,
,FCTRNG,FCTRNG,,,FCTRNG,,,,,,,,,,
,FCTRNG_CSH_RSRV,FCTRNG_CSH_RSRV,,,FCTRNG_CSH_RSRV,,,,,,,,,,
,FNDMNTL_RVW_TRDNG_BK_STNDRD_APPRCH_RSK_MSR,FNDMNTL_RVW_TRDNG_BK_STNDRD_APPRCH_RSK_MSR,,,FNDMNTL_RVW_TRDNG_BK_STNDRD_APPRCH_RSK_MSR,,,,,,,,,,
,FNDMNTL_RVW_TRDNG_BK_STNDRD_APPRCH_RSK_MSR_ETD_PSTNS,FNDMNTL_RVW_TRDNG_BK_STNDRD_APPRCH_RSK_MSR_ETD_PSTNS,,,FNDMNTL_RVW_TRDNG_BK_STNDRD_APPRCH_RSK_MSR_ETD_PSTNS,,,,,,,,,,
,FNDMNTL_RVW_TRDNG_BK_STNDRD_APPRCH_RSK_MSR_FR_SCRTY_PSTNS,FNDMNTL_RVW_TRDNG_BK_STNDRD_APPRCH_RSK_MSR_FR_SCRTY_PSTNS,,,FNDMNTL_RVW_TRDNG_BK_STNDRD_APPRCH_RSK_MSR_FR_SCRTY_PSTNS,,,,,,,,,,
,FNDMNTL_RVW_TRDNG_BK_STNDRD_APPRCH_RSK_MSR_OTC_PSTNS,FNDMNTL_RVW_TRDNG_BK_STNDRD_APPRCH_RSK_MSR_OTC_PSTNS,,,FNDMNTL_RVW_TRDNG_BK_STNDRD_APPRCH_RSK_MSR_OTC_PSTNS,,,,,,,,,,
,FNDS_GNRL_BNKNG_RSK,FNDS_GNRL_BNKNG_RSK,,,FNDS_GNRL_BNKNG_RSK,,,,,,,,,,
,FND_SCRTY,FND_SCRTY,,,FND_SCRTY,,,,,,,,,,
,FNNCL_ASST_INSTRMNT,FNNCL_ASST_INSTRMNT,,,FNNCL_ASST_INSTRMNT,,,,,,,,,,
,FNNCL_ASST_INSTRMNT_DBTR_ASSSSD,FNNCL_ASST_INSTRMNT_DBTR_ASSSSD,,,FNNCL_ASST_INSTRMNT_DBTR_ASSSSD,,,,,,,,,,
,FNNCL_ASST_INSTRMNT_DRVD_DT,FNNCL_ASST_INSTRMNT_DRVD_DT,,,FNNCL_ASST_INSTRMNT_DRVD_DT,,,,,,,,,,
,FNNCL_ASST_INSTRMNT_INDVDLLY_ASSSSD,FNNCL_ASST_INSTRMNT_INDVDLLY_ASSSSD,,,FNNCL_ASST_INSTRMNT_INDVDLLY_ASSSSD,,,,,,,,,,
,FNNCL_CLLTRL,FNNCL_CLLTRL,,,FNNCL_CLLTRL,,,,,,,,,,
,FNNCL_CNTRCT,FNNCL_CNTRCT,,,FNNCL_CNTRCT,,,,,,,,,,
,FNNCL_CRPRTN,FNNCL_CRPRTN,,,FNNCL_CRPRTN,,,,,,,,,,
,FNNCL_GRNT_INSTMNT_NT_DBT_SCTY,FNNCL_GRNT_INSTMNT_NT_DBT_SCTY,,,FNNCL_GRNT_INSTMNT_NT_DBT_SCTY,,,,,,,,,,
,FNNCL_GRNT_INSTRMNT,FNNCL_GRNT_INSTRMNT,,,FNNCL_GRNT_INSTRMNT,,,,,,,,,,
,FNNCL_GRNT_INSTRMNT_BNFCRY_ASSGNMNT,FNNCL_GRNT_INSTRMNT_BNFCRY_ASSGNMNT,,,FNNCL_GRNT_INSTRMNT_BNFCRY_ASSGNMNT,,,,,,,,,,
,FNNCL_GRNT_INSTRMNT_DBT_SCRT,FNNCL_GRNT_INSTRMNT_DBT_SCRT,,,FNNCL_GRNT_INSTRMNT_DBT_SCRT,,,,,,,,,,
,FNNCL_GRNT_INSTRMNT_DBT_SCRT_DBT_SCRTY_ASSGNMNT,FNNCL_GRNT_INSTRMNT_DBT_SCRT_DBT_SCRTY_ASSGNMNT,,,FNNCL_GRNT_INSTRMNT_DBT_SCRT_DBT_SCRTY_ASSGNMNT,,,,,,,,,,
,FNNCL_GRNT_INSTRMNT_PRTCTN_PRVDR_ASSGNMNT,FNNCL_GRNT_INSTRMNT_PRTCTN_PRVDR_ASSGNMNT,,,FNNCL_GRNT_INSTRMNT_PRTCTN_PRVDR_ASSGNMNT,,,,,,,,,,
,FNNCL_LBLTY_INSTRMNT,FNNCL_LBLTY_INSTRMNT,,,FNNCL_LBLTY_INSTRMNT,,,,,,,,,,
,FNNCL_LBLTY_INSTRMNT_DRVD_DT,FNNCL_LBLTY_INSTRMNT_DRVD_DT,,,FNNCL_LBLTY_INSTRMNT_DRVD_DT,,,,,,,,,,
,FNNCL_LS,FNNCL_LS,,,FNNCL_LS,,,,,,,,,,
,FNNCL_LS_LSSR_ASSGNMNT,FNNCL_LS_LSSR_ASSGNMNT,,,FNNCL_LS_LSSR_ASSGNMNT,,,,,,,,,,
,FNNCL_LS_LSS_ASSGNMNT,FNNCL_LS_LSS_ASSGNMNT,,,FNNCL_LS_LSS_ASSGNMNT,,,,,,,,,,
,FRAMEWORK,FRAMEWORK,,,FRAMEWORK,,,,,,,,,,
,FRBN_OFF_BLNC_SHT_ITM_GVN_INSTRMNT,FRBN_OFF_BLNC_SHT_ITM_GVN_INSTRMNT,,,FRBN_OFF_BLNC_SHT_ITM_GVN_INSTRMNT,,,,,,,,,,
,FRBRN_LNG_NN_NGTBL_SCRTY_PSTN,FRBRN_LNG_NN_NGTBL_SCRTY_PSTN,,,FRBRN_LNG_NN_NGTBL_SCRTY_PSTN,,,,,,,,,,
,FRGN_BRNCH,FRGN_BRNCH,,,FRGN_BRNCH,,,,,,,,,,
,FRGN_INSTTTNL_UNT,FRGN_INSTTTNL_UNT,,,FRGN_INSTTTNL_UNT,,,,,,,,,,
,FR_VLD_BLNC_SHT_RCGNSD_EXCHNG_TRDBL_DRVTV_ASST_PSTN,FR_VLD_BLNC_SHT_RCGNSD_EXCHNG_TRDBL_DRVTV_ASST_PSTN,,,FR_VLD_BLNC_SHT_RCGNSD_EXCHNG_TRDBL_DRVTV_ASST_PSTN,,,,,,,,,,
,FR_VLD_BLNC_SHT_RCGNSD_FNNCL_ASST_INSTRMNT,FR_VLD_BLNC_SHT_RCGNSD_FNNCL_ASST_INSTRMNT,,,FR_VLD_BLNC_SHT_RCGNSD_FNNCL_ASST_INSTRMNT,,,,,,,,,,
,FR_VLD_BLNC_SHT_RCGNSD_FNNCL_LBLTY_INSTRMNT,FR_VLD_BLNC_SHT_RCGNSD_FNNCL_LBLTY_INSTRMNT,,,FR_VLD_BLNC_SHT_RCGNSD_FNNCL_LBLTY_INSTRMNT,,,,,,,,,,
,FR_VLD_BLNC_SHT_RCGNSD_FNNCL_LBLTY_INSTRMNT_IFRS,FR_VLD_BLNC_SHT_RCGNSD_FNNCL_LBLTY_INSTRMNT_IFRS,,,FR_VLD_BLNC_SHT_RCGNSD_FNNCL_LBLTY_INSTRMNT_IFRS,,,,,,,,,,
,FR_VLD_BLNC_SHT_RCGNSD_FNNCL_LBLTY_INSTRMNT_NGAAP,FR_VLD_BLNC_SHT_RCGNSD_FNNCL_LBLTY_INSTRMNT_NGAAP,,,FR_VLD_BLNC_SHT_RCGNSD_FNNCL_LBLTY_INSTRMNT_NGAAP,,,,,,,,,,
,FR_VL_DCRS_CNTNGNT_ENCMBRNC,FR_VL_DCRS_CNTNGNT_ENCMBRNC,,,FR_VL_DCRS_CNTNGNT_ENCMBRNC,,,,,,,,,,
,FV_DBT_SCRTY_ISSD,FV_DBT_SCRTY_ISSD,,,FV_DBT_SCRTY_ISSD,,,,,,,,,,
,FV_EXCHNG_TRDBL_DRVTV_LBLTY_PSTN,FV_EXCHNG_TRDBL_DRVTV_LBLTY_PSTN,,,FV_EXCHNG_TRDBL_DRVTV_LBLTY_PSTN,,,,,,,,,,
,FXD_INTRST_FNNCL_ASST_INSTRMNT,FXD_INTRST_FNNCL_ASST_INSTRMNT,,,FXD_INTRST_FNNCL_ASST_INSTRMNT,,,,,,,,,,
,FX_RSK_FACTR_SA,FX_RSK_FACTR_SA,,,FX_RSK_FACTR_SA,,,,,,,,,,
,F_01_01_REF_FINREP_3_0,F_01_01_REF_FINREP_3_0,,,F_01_01_REF_FINREP_3_0_cube_structure,RC,,,,,,,,,
,F_01_02_REF_FINREP_3_0,F_01_02_REF_FINREP_3_0,,,F_01_02_REF_FINREP_3_0_cube_structure,RC,,,,,,,,,
,F_04_01_REF_FINREP_3_0,F_04_01_REF_FINREP_3_0,,,F_04_01_REF_FINREP_3_0_cube_structure,RC,,,,,,,,,
,F_04_02_1_REF_FINREP_3_0,F_04_02_1_REF_FINREP_3_0,,,F_04_02_1_REF_FINREP_3_0_cube_structure,RC,,,,,,,,,
,F_04_02_2_REF_FINREP_3_0,F_04_02_2_REF_FINREP_3_0,,,F_04_02_2_REF_FINREP_3_0_cube_structure,RC,,,,,,,,,
,F_04_03_1_REF_FINREP_3_0,F_04_03_1_REF_FINREP_3_0,,,F_04_03_1_REF_FINREP_3_0_cube_structure,RC,,,,,,,,,
,F_04_04_1_REF_FINREP_3_0,F_04_04_1_REF_FINREP_3_0,,,F_04_04_1_REF_FINREP_3_0_cube_structure,RC,,,,,,,,,
,F_04_05_REF_FINREP_3_0,F_04_05_REF_FINREP_3_0,,,F_04_05_REF_FINREP_3_0_cube_structure,RC,,,,,,,,,
,F_04_06_REF_FINREP_3_0,F_04_06_REF_FINREP_3_0,,,F_04_06_REF_FINREP_3_0_cube_structure,RC,,,,,,,,,
,F_04_07_REF_FINREP_3_0,F_04_07_REF_FINREP_3_0,,,F_04_07_REF_FINREP_3_0_cube_structure,RC,,,,,,,,,
,F_04_08_REF_FINREP_3_0,F_04_08_REF_FINREP_3_0,,,F_04_08_REF_FINREP_3_0_cube_structure,RC,,,,,,,,,
,F_04_09_REF_FINREP_3_0,F_04_09_REF_FINREP_3_0,,,F_04_09_REF_FINREP_3_0_cube_structure,RC,,,,,,,,,
,F_04_10_REF_FINREP_3_0,F_04_10_REF_FINREP_3_0,,,F_04_10_REF_FINREP_3_0_cube_structure,RC,,,,,,,,,
,F_05_01_REF_FINREP_3_0,F_05_01_REF_FINREP_3_0,,,F_05_01_REF_FINREP_3_0_cube_structure,RC,,,,,,,,,
,F_06_01_REF_FINREP_3_0,F_06_01_REF_FINREP_3_0,,,F_06_01_REF_FINREP_3_0_cube_structure,RC,,,,,,,,,
,F_07_01_REF_FINREP_3_0,F_07_01_REF_FINREP_3_0,,,F_07_01_REF_FINREP_3_0_cube_structure,RC,,,,,,,,,
,F_07_02_REF_FINREP_3_0,F_07_02_REF_FINREP_3_0,,,F_07_02_REF_FINREP_3_0_cube_structure,RC,,,,,,,,,
,F_08_01_a_REF_FINREP_3_0,F_08_01_a_REF_FINREP_3_0,,,F_08_01_a_REF_FINREP_3_0_cube_structure,RC,,,,,,,,,
,F_08_01_b_REF_FINREP_3_0,F_08_01_b_REF_FINREP_3_0,,,F_08_01_b_REF_FINREP_3_0_cube_structure,RC,,,,,,,,,
,F_08_02_REF_FINREP_3_0,F_08_02_REF_FINREP_3_0,,,F_08_02_REF_FINREP_3_0_cube_structure,RC,,,,,,,,,
,F_09_01_1_REF_FINREP_3_0,F_09_01_1_REF_FINREP_3_0,,,F_09_01_1_REF_FINREP_3_0_cube_structure,RC,,,,,,,,,
,F_09_01_REF_FINREP_3_0,F_09_01_REF_FINREP_3_0,,,F_09_01_REF_FINREP_3_0_cube_structure,RC,,,,,,,,,
,F_09_02_REF_FINREP_3_0,F_09_02_REF_FINREP_3_0,,,F_09_02_REF_FINREP_3_0_cube_structure,RC,,,,,,,,,
,F_10_00_REF_FINREP_3_0,F_10_00_REF_FINREP_3_0,,,F_10_00_REF_FINREP_3_0_cube_structure,RC,,,,,,,,,
,F_11_01_REF_FINREP_3_0,F_11_01_REF_FINREP_3_0,,,F_11_01_REF_FINREP_3_0_cube_structure,RC,,,,,,,,,
,F_11_02_REF_FINREP_3_0,F_11_02_REF_FINREP_3_0,,,F_11_02_REF_FINREP_3_0_cube_structure,RC,,,,,,,,,
,F_13_01_REF_FINREP_3_0,F_13_01_REF_FINREP_3_0,,,F_13_01_REF_FINREP_3_0_cube_structure,RC,,,,,,,,,
,F_13_02_1_a_REF_FINREP_3_0,F_13_02_1_a_REF_FINREP_3_0,,,F_13_02_1_a_REF_FINREP_3_0_cube_structure,RC,,,,,,,,,
,F_13_02_1_b_REF_FINREP_3_0,F_13_02_1_b_REF_FINREP_3_0,,,F_13_02_1_b_REF_FINREP_3_0_cube_structure,RC,,,,,,,,,
,F_13_03_1_a_REF_FINREP_3_0,F_13_03_1_a_REF_FINREP_3_0,,,F_13_03_1_a_REF_FINREP_3_0_cube_structure,RC,,,,,,,,,
,F_13_03_1_b_REF_FINREP_3_0,F_13_03_1_b_REF_FINREP_3_0,,,F_13_03_1_b_REF_FINREP_3_0_cube_structure,RC,,,,,,,,,
,F_14_00_REF_FINREP_3_0,F_14_00_REF_FINREP_3_0,,,F_14_00_REF_FINREP_3_0_cube_structure,RC,,,,,,,,,
,F_15_00_a_REF_FINREP_3_0,F_15_00_a_REF_FINREP_3_0,,,F_15_00_a_REF_FINREP_3_0_cube_structure,RC,,,,,,,,,
,F_15_00_b_REF_FINREP_3_0,F_15_00_b_REF_FINREP_3_0,,,F_15_00_b_REF_FINREP_3_0_cube_structure,RC,,,,,,,,,
,F_18_00_a_REF_FINREP_3_0,F_18_00_a_REF_FINREP_3_0,,,F_18_00_a_REF_FINREP_3_0_cube_structure,RC,,,,,,,,,
,F_18_00_b_REF_FINREP_3_0,F_18_00_b_REF_FINREP_3_0,,,F_18_00_b_REF_FINREP_3_0_cube_structure,RC,,,,,,,,,
,F_18_00_c_REF_FINREP_3_0,F_18_00_c_REF_FINREP_3_0,,,F_18_00_c_REF_FINREP_3_0_cube_structure,RC,,,,,,,,,
,F_18_00_d_REF_FINREP_3_0,F_18_00_d_REF_FINREP_3_0,,,F_18_00_d_REF_FINREP_3_0_cube_structure,RC,,,,,,,,,
,F_18_00_e_REF_FINREP_3_0,F_18_00_e_REF_FINREP_3_0,,,F_18_00_e_REF_FINREP_3_0_cube_structure,RC,,,,,,,,,
,F_19_00_a_REF_FINREP_3_0,F_19_00_a_REF_FINREP_3_0,,,F_19_00_a_REF_FINREP_3_0_cube_structure,RC,,,,,,,,,
,F_19_00_b_REF_FINREP_3_0,F_19_00_b_REF_FINREP_3_0,,,F_19_00_b_REF_FINREP_3_0_cube_structure,RC,,,,,,,,,
,F_19_00_c_REF_FINREP_3_0,F_19_00_c_REF_FINREP_3_0,,,F_19_00_c_REF_FINREP_3_0_cube_structure,RC,,,,,,,,,
,F_19_00_d_REF_FINREP_3_0,F_19_00_d_REF_FINREP_3_0,,,F_19_00_d_REF_FINREP_3_0_cube_structure,RC,,,,,,,,,
,F_19_00_e_REF_FINREP_3_0,F_19_00_e_REF_FINREP_3_0,,,F_19_00_e_REF_FINREP_3_0_cube_structure,RC,,,,,,,,,
,F_20_01_REF_FINREP_3_0,F_20_01_REF_FINREP_3_0,,,F_20_01_REF_FINREP_3_0_cube_structure,RC,,,,,,,,,
,F_20_02_REF_FINREP_3_0,F_20_02_REF_FINREP_3_0,,,F_20_02_REF_FINREP_3_0_cube_structure,RC,,,,,,,,,
,F_20_04_REF_FINREP_3_0,F_20_04_REF_FINREP_3_0,,,F_20_04_REF_FINREP_3_0_cube_structure,RC,,,,,,,,,
,F_20_05_a_REF_FINREP_3_0,F_20_05_a_REF_FINREP_3_0,,,F_20_05_a_REF_FINREP_3_0_cube_structure,RC,,,,,,,,,
,F_20_05_b_REF_FINREP_3_0,F_20_05_b_REF_FINREP_3_0,,,F_20_05_b_REF_FINREP_3_0_cube_structure,RC,,,,,,,,,
,F_20_06_REF_FINREP_3_0,F_20_06_REF_FINREP_3_0,,,F_20_06_REF_FINREP_3_0_cube_structure,RC,,,,,,,,,
,F_20_07_1_REF_FINREP_3_0,F_20_07_1_REF_FINREP_3_0,,,F_20_07_1_REF_FINREP_3_0_cube_structure,RC,,,,,,,,,
,F_21_00_REF_FINREP_3_0,F_21_00_REF_FINREP_3_0,,,F_21_00_REF_FINREP_3_0_cube_structure,RC,,,,,,,,,
,F_25_02_a_REF_FINREP_3_0,F_25_02_a_REF_FINREP_3_0,,,F_25_02_a_REF_FINREP_3_0_cube_structure,RC,,,,,,,,,
,F_25_02_b_REF_FINREP_3_0,F_25_02_b_REF_FINREP_3_0,,,F_25_02_b_REF_FINREP_3_0_cube_structure,RC,,,,,,,,,
,F_25_02_c_REF_FINREP_3_0,F_25_02_c_REF_FINREP_3_0,,,F_25_02_c_REF_FINREP_3_0_cube_structure,RC,,,,,,,,,
,F_31_01_REF_FINREP_3_0,F_31_01_REF_FINREP_3_0,,,F_31_01_REF_FINREP_3_0_cube_structure,RC,,,,,,,,,
,F_40_01_REF_FINREP_3_0,F_40_01_REF_FINREP_3_0,,,F_40_01_REF_FINREP_3_0_cube_structure,RC,,,,,,,,,
,F_40_02_REF_FINREP_3_0,F_40_02_REF_FINREP_3_0,,,F_40_02_REF_FINREP_3_0_cube_structure,RC,,,,,,,,,
,F_41_01_REF_FINREP_3_0,F_41_01_REF_FINREP_3_0,,,F_41_01_REF_FINREP_3_0_cube_structure,RC,,,,,,,,,
,F_41_02_REF_FINREP_3_0,F_41_02_REF_FINREP_3_0,,,F_41_02_REF_FINREP_3_0_cube_structure,RC,,,,,,,,,
,F_42_00_REF_FINREP_3_0,F_42_00_REF_FINREP_3_0,,,F_42_00_REF_FINREP_3_0_cube_structure,RC,,,,,,,,,
,Financial_asset_instrument_type,Financial_asset_instrument_type,,,Financial_asset_instrument_type,,,,,,,,,,
,Financial_asset_instrument_type_by_CRR_Article_123_Retail_exposure,Financial_asset_instrument_type_by_CRR_Article_123_Retail_exposure,,,Financial_asset_instrument_type_by_CRR_Article_123_Retail_exposure,,,,,,,,,,
,Financial_asset_instrument_type_by_fixed_interest_rate,Financial_asset_instrument_type_by_fixed_interest_rate,,,Financial_asset_instrument_type_by_fixed_interest_rate,,,,,,,,,,
,Financial_asset_instrument_type_by_interest_rate_only,Financial_asset_instrument_type_by_interest_rate_only,,,Financial_asset_instrument_type_by_interest_rate_only,,,,,,,,,,
,Financial_asset_instrument_type_by_renegotiation_status,Financial_asset_instrument_type_by_renegotiation_status,,,Financial_asset_instrument_type_by_renegotiation_status,,,,,,,,,,
,GDWLL,GDWLL,,,GDWLL,,,,,,,,,,
,GIRR_RSK_FCTR,GIRR_RSK_FCTR,,,GIRR_RSK_FCTR,,,,,,,,,,
,GLD_CLLTRL,GLD_CLLTRL,,,GLD_CLLTRL,,,,,,,,,,
,GLD_CLLTRL_LG,GLD_CLLTRL_LG,,,GLD_CLLTRL_LG,,,,,,,,,,
,GLD_CLLTRL_LG_GLD_CLLTRL_ASSGNMNT,GLD_CLLTRL_LG_GLD_CLLTRL_ASSGNMNT,,,GLD_CLLTRL_LG_GLD_CLLTRL_ASSGNMNT,,,,,,,,,,
,GNRL_GVRNMNT,GNRL_GVRNMNT,,,GNRL_GVRNMNT,,,,,,,,,,
,GRDD_RTNG_SYSTM,GRDD_RTNG_SYSTM,,,GRDD_RTNG_SYSTM,,,,,,,,,,
,GRP,GRP,,,GRP,,,,,,,,,,
,GRP_CLNTS,GRP_CLNTS,,,GRP_CLNTS,,,,,,,,,,
,GRP_CLNTS_KY_MNGMNT_PRSNLL_ASSGNMNT,GRP_CLNTS_KY_MNGMNT_PRSNLL_ASSGNMNT,,,GRP_CLNTS_KY_MNGMNT_PRSNLL_ASSGNMNT,,,,,,,,,,
,GRP_CNNCTD_CLNTS,GRP_CNNCTD_CLNTS,,,GRP_CNNCTD_CLNTS,,,,,,,,,,
,GRP_CNSLDTD_CLNTS,GRP_CNSLDTD_CLNTS,,,GRP_CNSLDTD_CLNTS,,,,,,,,,,
,GRP_KY_MNGMNT_PRSNLL_ASSGNMNT,GRP_KY_MNGMNT_PRSNLL_ASSGNMNT,,,GRP_KY_MNGMNT_PRSNLL_ASSGNMNT,,,,,,,,,,
,IMMDT_PRNT_ENTRPRS_ASSGNMNT,IMMDT_PRNT_ENTRPRS_ASSGNMNT,,,IMMDT_PRNT_ENTRPRS_ASSGNMNT,,,,,,,,,,
,IMMDT_PRTNR_ENTRPRS,IMMDT_PRTNR_ENTRPRS,,,IMMDT_PRTNR_ENTRPRS,,,,,,,,,,
,IMMTRL_RGHTS_CLLTRL,IMMTRL_RGHTS_CLLTRL,,,IMMTRL_RGHTS_CLLTRL,,,,,,,,,,
,IMMTRL_RGHTS_CLLTRL_OTHR_INTNGBL_ASST_NT_TKN_INT_PSSSSN_ASSGNMNT,IMMTRL_RGHTS_CLLTRL_OTHR_INTNGBL_ASST_NT_TKN_INT_PSSSSN_ASSGNMNT,,,IMMTRL_RGHTS_CLLTRL_OTHR_INTNGBL_ASST_NT_TKN_INT_PSSSSN_ASSGNMNT,,,,,,,,,,
,IMMTRL_RGHTS_CLLTRL_OTHR_INTNGBL_ASST_TKN_INT_PSSSSN_ASSGNMNT,IMMTRL_RGHTS_CLLTRL_OTHR_INTNGBL_ASST_TKN_INT_PSSSSN_ASSGNMNT,,,IMMTRL_RGHTS_CLLTRL_OTHR_INTNGBL_ASST_TKN_INT_PSSSSN_ASSGNMNT,,,,,,,,,,
,INSTRMNT,INSTRMNT,,,INSTRMNT,,,,,,,,,,
,INSTRMNT_CLLTRL_ASSGNMNT,INSTRMNT_CLLTRL_ASSGNMNT,,,INSTRMNT_CLLTRL_ASSGNMNT,,,,,,,,,,
,INSTRMNT_CLLTRL_RCVD_INSTRMNT_ASSGNMNT,INSTRMNT_CLLTRL_RCVD_INSTRMNT_ASSGNMNT,,,INSTRMNT_CLLTRL_RCVD_INSTRMNT_ASSGNMNT,,,,,,,,,,
,INSTRMNT_ENTTY_RL_ASSGNMNT,INSTRMNT_ENTTY_RL_ASSGNMNT,,,INSTRMNT_ENTTY_RL_ASSGNMNT,,,,,,,,,,
,INSTRMNT_HDGD_EXCHNG_TRDBL_DRVTV,INSTRMNT_HDGD_EXCHNG_TRDBL_DRVTV,,,INSTRMNT_HDGD_EXCHNG_TRDBL_DRVTV,,,,,,,,,,
,INSTRMNT_HDGD_OTC_DRVTV,INSTRMNT_HDGD_OTC_DRVTV,,,INSTRMNT_HDGD_OTC_DRVTV,,,,,,,,,,
,INSTRMNT_PRTCN_ARRNGMNT_ASSGNMNT,INSTRMNT_PRTCN_ARRNGMNT_ASSGNMNT,,,INSTRMNT_PRTCN_ARRNGMNT_ASSGNMNT,,,,,,,,,,
,INSTRMNT_PRTCTN_ARRNGMNT_ASSGNMNT,INSTRMNT_PRTCTN_ARRNGMNT_ASSGNMNT,,,INSTRMNT_PRTCTN_ARRNGMNT_ASSGNMNT,,,,,,,,,,
,INSTRMNT_RL,INSTRMNT_RL,,,INSTRMNT_RL,,,,,,,,,,
,INSTRMNT_RSLTNG_CRDT_FCLTY,INSTRMNT_RSLTNG_CRDT_FCLTY,,,INSTRMNT_RSLTNG_CRDT_FCLTY,,,,,,,,,,
,INSTRMNT_RSLTNG_DRCTLY_FNNCL_CNTRCT,INSTRMNT_RSLTNG_DRCTLY_FNNCL_CNTRCT,,,INSTRMNT_RSLTNG_DRCTLY_FNNCL_CNTRCT,,,,,,,,,,
,INSTRMNT_SRVCR_ASSGNMNT,INSTRMNT_SRVCR_ASSGNMNT,,,INSTRMNT_SRVCR_ASSGNMNT,,,,,,,,,,
,INSTTTNL_UNT_FRGN_BRNCHS,INSTTTNL_UNT_FRGN_BRNCHS,,,INSTTTNL_UNT_FRGN_BRNCHS,,,,,,,,,,
,INTRNL_CNSLDTN_GRP,INTRNL_CNSLDTN_GRP,,,INTRNL_CNSLDTN_GRP,,,,,,,,,,
,INTRNL_GRP,INTRNL_GRP,,,INTRNL_GRP,,,,,,,,,,
,INTRNL_GRP_KY_MNGMNT_PRSNLL_ASSGNMNT,INTRNL_GRP_KY_MNGMNT_PRSNLL_ASSGNMNT,,,INTRNL_GRP_KY_MNGMNT_PRSNLL_ASSGNMNT,,,,,,,,,,
,INTRNL_GRP_RL,INTRNL_GRP_RL,,,INTRNL_GRP_RL,,,,,,,,,,
,INTRNTNL_ORGNSTN,INTRNTNL_ORGNSTN,,,INTRNTNL_ORGNSTN,,,,,,,,,,
,INTRNTNL_ORGNSTN_GNRL_GVNMNT,INTRNTNL_ORGNSTN_GNRL_GVNMNT,,,INTRNTNL_ORGNSTN_GNRL_GVNMNT,,,,,,,,,,
,INTRST_ONL_FNNCL_ASST_INSTRMNT,INTRST_ONL_FNNCL_ASST_INSTRMNT,,,INTRST_ONL_FNNCL_ASST_INSTRMNT,,,,,,,,,,
,INTRST_RT_RSK_HDG_PRTFL,INTRST_RT_RSK_HDG_PRTFL,,,INTRST_RT_RSK_HDG_PRTFL,,,,,,,,,,
,INVNTRY_CLLTRL,INVNTRY_CLLTRL,,,INVNTRY_CLLTRL,,,,,,,,,,
,INVSTMNT_PRPRTY,INVSTMNT_PRPRTY,,,INVSTMNT_PRPRTY,,,,,,,,,,
,INVSTMNT_VHCL_FND,INVSTMNT_VHCL_FND,,,INVSTMNT_VHCL_FND,,,,,,,,,,
,INVSTR,INVSTR,,,INVSTR,,,,,,,,,,
,ISIN_SCRTY,ISIN_SCRTY,,,ISIN_SCRTY,,,,,,,,,,
,ISSR,ISSR,,,ISSR,,,,,,,,,,
,ISSR_BSD_RTNG_SYSTM,ISSR_BSD_RTNG_SYSTM,,,ISSR_BSD_RTNG_SYSTM,,,,,,,,,,
,ISS_BSD_RTNG_SYSTM,ISS_BSD_RTNG_SYSTM,,,ISS_BSD_RTNG_SYSTM,,,,,,,,,,
,Instrument_type_by_origin,Instrument_type_by_origin,,,Instrument_type_by_origin,,,,,,,,,,
,Instrument_type_by_product,Instrument_type_by_product,,,Instrument_type_by_product,,,,,,,,,,
,JNT_VNTR,JNT_VNTR,,,JNT_VNTR,,,,,,,,,,
,KB_PR_BCKT,KB_PR_BCKT,,,KB_PR_BCKT,,,,,,,,,,
,KY_MNGMNT_PRSNLL,KY_MNGMNT_PRSNLL,,,KY_MNGMNT_PRSNLL,,,,,,,,,,
,LF_INSRNC_PLCY_PLDGD,LF_INSRNC_PLCY_PLDGD,,,LF_INSRNC_PLCY_PLDGD,,,,,,,,,,
,LGL_ENTTY_ID_PRTY_CD,LGL_ENTTY_ID_PRTY_CD,,,LGL_ENTTY_ID_PRTY_CD,,,,,,,,,,
,LGL_PRSN,LGL_PRSN,,,LGL_PRSN,,,,,,,,,,
,LGL_PRSN_RL,LGL_PRSN_RL,,,LGL_PRSN_RL,,,,,,,,,,
,LNDR,LNDR,,,LNDR,,,,,,,,,,
,LND_EXCLDNG_AGRCLTR,LND_EXCLDNG_AGRCLTR,,,LND_EXCLDNG_AGRCLTR,,,,,,,,,,
,LND_INCLDNG_AGRCLTR,LND_INCLDNG_AGRCLTR,,,LND_INCLDNG_AGRCLTR,,,,,,,,,,
,LNG_DBT_SCRTY_PSTN,LNG_DBT_SCRTY_PSTN,,,LNG_DBT_SCRTY_PSTN,,,,,,,,,,
,LNG_DBT_SCRTY_PSTN_DRVD_DT,LNG_DBT_SCRTY_PSTN_DRVD_DT,,,LNG_DBT_SCRTY_PSTN_DRVD_DT,,,,,,,,,,
,LNG_DBT_SCRTY_PSTN_ENCMBRNC_DRVD_DT,LNG_DBT_SCRTY_PSTN_ENCMBRNC_DRVD_DT,,,LNG_DBT_SCRTY_PSTN_ENCMBRNC_DRVD_DT,,,,,,,,,,
,LNG_DBT_SCRTY_PSTN_PRDNTL_PRFL_ASSGNMNT_ACCNTNG_CLSSFCTN_FNNCL_ASSTS_ASSGNMNT_IFRS,LNG_DBT_SCRTY_PSTN_PRDNTL_PRFL_ASSGNMNT_ACCNTNG_CLSSFCTN_FNNCL_ASSTS_ASSGNMNT_IFRS,,,LNG_DBT_SCRTY_PSTN_PRDNTL_PRFL_ASSGNMNT_ACCNTNG_CLSSFCTN_FNNCL_ASSTS_ASSGNMNT_IFRS,,,,,,,,,,
,LNG_DBT_SCRTY_PSTN_PRDNTL_PRFL_ASSGNMNT_ACCNTNG_CLSSFCTN_FNNCL_ASSTS_ASSGNMNT_NGAAP,LNG_DBT_SCRTY_PSTN_PRDNTL_PRFL_ASSGNMNT_ACCNTNG_CLSSFCTN_FNNCL_ASSTS_ASSGNMNT_NGAAP,,,LNG_DBT_SCRTY_PSTN_PRDNTL_PRFL_ASSGNMNT_ACCNTNG_CLSSFCTN_FNNCL_ASSTS_ASSGNMNT_NGAAP,,,,,,,,,,
,LNG_DBT_SCRTY_PSTN_PRDNTL_PRTFL_ASSGNMNT,LNG_DBT_SCRTY_PSTN_PRDNTL_PRTFL_ASSGNMNT,,,LNG_DBT_SCRTY_PSTN_PRDNTL_PRTFL_ASSGNMNT,,,,,,,,,,
,LNG_DBT_SCRTY_PSTN_PRDNTL_PRTFL_ASSGNMNT_ACCNTNG_CLSSFCTN_FNNCL_ASSTS_ASSGNMNT,LNG_DBT_SCRTY_PSTN_PRDNTL_PRTFL_ASSGNMNT_ACCNTNG_CLSSFCTN_FNNCL_ASSTS_ASSGNMNT,,,LNG_DBT_SCRTY_PSTN_PRDNTL_PRTFL_ASSGNMNT_ACCNTNG_CLSSFCTN_FNNCL_ASSTS_ASSGNMNT,,,,,,,,,,
,LNG_EQTY_FND_SCRTY_PSTN,LNG_EQTY_FND_SCRTY_PSTN,,,LNG_EQTY_FND_SCRTY_PSTN,,,,,,,,,,
,LNG_EQTY_FND_SCRTY_PSTN_PRDNTL_PRTFL_ASSGNMNT,LNG_EQTY_FND_SCRTY_PSTN_PRDNTL_PRTFL_ASSGNMNT,,,LNG_EQTY_FND_SCRTY_PSTN_PRDNTL_PRTFL_ASSGNMNT,,,,,,,,,,
,LNG_EQTY_FND_SCRTY_PSTN_PRDNTL_PRTFL_ASSGNMNT_ACCNTNG_CLSSFCTN_FNNCL_ASSTS_ASSGNMNT,LNG_EQTY_FND_SCRTY_PSTN_PRDNTL_PRTFL_ASSGNMNT_ACCNTNG_CLSSFCTN_FNNCL_ASSTS_ASSGNMNT,,,LNG_EQTY_FND_SCRTY_PSTN_PRDNTL_PRTFL_ASSGNMNT_ACCNTNG_CLSSFCTN_FNNCL_ASSTS_ASSGNMNT,,,,,,,,,,
,LNG_EQTY_FND_SCRYT_PSTN_ENCMBRNC_DT,LNG_EQTY_FND_SCRYT_PSTN_ENCMBRNC_DT,,,LNG_EQTY_FND_SCRYT_PSTN_ENCMBRNC_DT,,,,,,,,,,
,LNG_EQUTY_FND_SCRTY_PSTN_PRDNTL_PRFL_ASSGNMNT_ACCNTNG_CLSSFCTN_ASST_ASSGNMNT_IFRS,LNG_EQUTY_FND_SCRTY_PSTN_PRDNTL_PRFL_ASSGNMNT_ACCNTNG_CLSSFCTN_ASST_ASSGNMNT_IFRS,,,LNG_EQUTY_FND_SCRTY_PSTN_PRDNTL_PRFL_ASSGNMNT_ACCNTNG_CLSSFCTN_ASST_ASSGNMNT_IFRS,,,,,,,,,,
,LNG_EQUTY_FND_SCRTY_PSTN_PRDNTL_PRFL_ASSGNMNT_ACCNTNG_CLSSFCTN_ASST_ASSGNMNT_NGAAP,LNG_EQUTY_FND_SCRTY_PSTN_PRDNTL_PRFL_ASSGNMNT_ACCNTNG_CLSSFCTN_ASST_ASSGNMNT_NGAAP,,,LNG_EQUTY_FND_SCRTY_PSTN_PRDNTL_PRFL_ASSGNMNT_ACCNTNG_CLSSFCTN_ASST_ASSGNMNT_NGAAP,,,,,,,,,,
,LNG_NGTBL_SCRTY_PSTN,LNG_NGTBL_SCRTY_PSTN,,,LNG_NGTBL_SCRTY_PSTN,,,,,,,,,,
,LNG_NN_NGTBL_SCRTY_PSTN,LNG_NN_NGTBL_SCRTY_PSTN,,,LNG_NN_NGTBL_SCRTY_PSTN,,,,,,,,,,
,LNG_NN_NGTBL_SCRTY_PSTN_CLLTRL_ASSGNMNT,LNG_NN_NGTBL_SCRTY_PSTN_CLLTRL_ASSGNMNT,,,LNG_NN_NGTBL_SCRTY_PSTN_CLLTRL_ASSGNMNT,,,,,,,,,,
,LNG_NN_NGTBL_SCRTY_PSTN_CLLTRL_ASSGNMNT_DRVD_DT,LNG_NN_NGTBL_SCRTY_PSTN_CLLTRL_ASSGNMNT_DRVD_DT,,,LNG_NN_NGTBL_SCRTY_PSTN_CLLTRL_ASSGNMNT_DRVD_DT,,,,,,,,,,
,LNG_NN_NGTBL_SCRTY_PSTN_DRVD_DT,LNG_NN_NGTBL_SCRTY_PSTN_DRVD_DT,,,LNG_NN_NGTBL_SCRTY_PSTN_DRVD_DT,,,,,,,,,,
,LNG_SCRTY_PSTN,LNG_SCRTY_PSTN,,,LNG_SCRTY_PSTN,,,,,,,,,,
,LNG_SCRTY_PSTN_BNKG_BK_ASSGNMNT,LNG_SCRTY_PSTN_BNKG_BK_ASSGNMNT,,,LNG_SCRTY_PSTN_BNKG_BK_ASSGNMNT,,,,,,,,,,
,LNG_SCRTY_PSTN_DRVD_DT,LNG_SCRTY_PSTN_DRVD_DT,,,LNG_SCRTY_PSTN_DRVD_DT,,,,,,,,,,
,LNG_SCRTY_PSTN_HDG,LNG_SCRTY_PSTN_HDG,,,LNG_SCRTY_PSTN_HDG,,,,,,,,,,
,LNG_SCRTY_PSTN_PRDNTL_PRTFL_ASSGNMNT,LNG_SCRTY_PSTN_PRDNTL_PRTFL_ASSGNMNT,,,LNG_SCRTY_PSTN_PRDNTL_PRTFL_ASSGNMNT,,,,,,,,,,
,LNG_SCRTY_PSTN_PRDNTL_PRTFL_ASSGNMNT_ACCNTNG_CLSSFCTN_FNNCL_ASSTS_ASSGNMNT,LNG_SCRTY_PSTN_PRDNTL_PRTFL_ASSGNMNT_ACCNTNG_CLSSFCTN_FNNCL_ASSTS_ASSGNMNT,,,LNG_SCRTY_PSTN_PRDNTL_PRTFL_ASSGNMNT_ACCNTNG_CLSSFCTN_FNNCL_ASSTS_ASSGNMNT,,,,,,,,,,
,LNG_SCRTY_PSTN_PRDNTL_PRTFL_ASSGNMNT_ACCNTNG_CLSSFCTN_FR_FNNCL_ASSTS_ASSGNMNT_DRVD_DT,LNG_SCRTY_PSTN_PRDNTL_PRTFL_ASSGNMNT_ACCNTNG_CLSSFCTN_FR_FNNCL_ASSTS_ASSGNMNT_DRVD_DT,,,LNG_SCRTY_PSTN_PRDNTL_PRTFL_ASSGNMNT_ACCNTNG_CLSSFCTN_FR_FNNCL_ASSTS_ASSGNMNT_DRVD_DT,,,,,,,,,,
,LNG_SCRTY_PSTN_PRDNTL_PRTFL_ASSGNMNT_RSK_DT,LNG_SCRTY_PSTN_PRDNTL_PRTFL_ASSGNMNT_RSK_DT,,,LNG_SCRTY_PSTN_PRDNTL_PRTFL_ASSGNMNT_RSK_DT,,,,,,,,,,
,LNG_SCRTY_PSTN_PRTCTN_ARRNGMNT_GVN_ASSGNMNT,LNG_SCRTY_PSTN_PRTCTN_ARRNGMNT_GVN_ASSGNMNT,,,LNG_SCRTY_PSTN_PRTCTN_ARRNGMNT_GVN_ASSGNMNT,,,,,,,,,,
,LNG_SCRTY_PSTN_TRDNG_BK_ASSGNMNT,LNG_SCRTY_PSTN_TRDNG_BK_ASSGNMNT,,,LNG_SCRTY_PSTN_TRDNG_BK_ASSGNMNT,,,,,,,,,,
,LNG_SCRTY_PSTN_TRDNG_BK_ASSGNMNT_IFRS,LNG_SCRTY_PSTN_TRDNG_BK_ASSGNMNT_IFRS,,,LNG_SCRTY_PSTN_TRDNG_BK_ASSGNMNT_IFRS,,,,,,,,,,
,LNG_SCRTY_PSTN_TRDNG_BK_ASSGNMNT_NGAAP,LNG_SCRTY_PSTN_TRDNG_BK_ASSGNMNT_NGAAP,,,LNG_SCRTY_PSTN_TRDNG_BK_ASSGNMNT_NGAAP,,,,,,,,,,
,LNKD_ENTRPRS,LNKD_ENTRPRS,,,LNKD_ENTRPRS,,,,,,,,,,
,LNKD_ENTRPRS_ASSGNMNT,LNKD_ENTRPRS_ASSGNMNT,,,LNKD_ENTRPRS_ASSGNMNT,,,,,,,,,,
,LN_AND_ADVNC_LG,LN_AND_ADVNC_LG,,,LN_AND_ADVNC_LG,,,,,,,,,,
,LN_AND_ADVNC_LG_LN_AND_ADVNC_ASSGNMNT,LN_AND_ADVNC_LG_LN_AND_ADVNC_ASSGNMNT,,,LN_AND_ADVNC_LG_LN_AND_ADVNC_ASSGNMNT,,,,,,,,,,
,LN_DBTR,LN_DBTR,,,LN_DBTR,,,,,,,,,,
,LN_DMND_MNMM_RSRV,LN_DMND_MNMM_RSRV,,,LN_DMND_MNMM_RSRV,,,,,,,,,,
,LN_EXCLDNG_RPRCHS_AGRMNT,LN_EXCLDNG_RPRCHS_AGRMNT,,,LN_EXCLDNG_RPRCHS_AGRMNT,,,,,,,,,,
,LN_EXCLDNG_RPRCHS_AGRMNT_ADVNC_DRVD_DT,LN_EXCLDNG_RPRCHS_AGRMNT_ADVNC_DRVD_DT,,,LN_EXCLDNG_RPRCHS_AGRMNT_ADVNC_DRVD_DT,,,,,,,,,,
,LN_EXCLDNG_RPRCHS_AGRMNT_AND_ADVNCE,LN_EXCLDNG_RPRCHS_AGRMNT_AND_ADVNCE,,,LN_EXCLDNG_RPRCHS_AGRMNT_AND_ADVNCE,,,,,,,,,,
,LN_EXCLDNG_RPRCHS_AGRMNT_AND_ADVNC_CLLTRL_GVN_ASSGNMNT,LN_EXCLDNG_RPRCHS_AGRMNT_AND_ADVNC_CLLTRL_GVN_ASSGNMNT,,,LN_EXCLDNG_RPRCHS_AGRMNT_AND_ADVNC_CLLTRL_GVN_ASSGNMNT,,,,,,,,,,
,LN_EXCLDNG_RPRCHS_AGRMNT_AND_ADVNC_HDG,LN_EXCLDNG_RPRCHS_AGRMNT_AND_ADVNC_HDG,,,LN_EXCLDNG_RPRCHS_AGRMNT_AND_ADVNC_HDG,,,,,,,,,,
,LN_EXCLDNG_RPRCHS_AGRMNT_CLLTRL_ASSGNMNT,LN_EXCLDNG_RPRCHS_AGRMNT_CLLTRL_ASSGNMNT,,,LN_EXCLDNG_RPRCHS_AGRMNT_CLLTRL_ASSGNMNT,,,,,,,,,,
,LN_EXCLDNG_RPRCHS_AGRMNT_CLLTRL_ASSGNMNT_DRVD_DT,LN_EXCLDNG_RPRCHS_AGRMNT_CLLTRL_ASSGNMNT_DRVD_DT,,,LN_EXCLDNG_RPRCHS_AGRMNT_CLLTRL_ASSGNMNT_DRVD_DT,,,,,,,,,,
,LN_EXCLDNG_RPRCHS_AGRMNT_DRVD_DT,LN_EXCLDNG_RPRCHS_AGRMNT_DRVD_DT,,,LN_EXCLDNG_RPRCHS_AGRMNT_DRVD_DT,,,,,,,,,,
,LS,LS,,,LS,,,,,,,,,,
,LSSR,LSSR,,,LSSR,,,,,,,,,,
,LSTD_CNTRL_BNK_PRVT_SCTR_CMPNY,LSTD_CNTRL_BNK_PRVT_SCTR_CMPNY,,,LSTD_CNTRL_BNK_PRVT_SCTR_CMPNY,,,,,,,,,,
,Listed_central_bank_and_private_sector_company_indicator,Listed_central_bank_and_private_sector_company_indicator,,,Listed_central_bank_and_private_sector_company_indicator,,,,,,,,,,
,Loan_type,Loan_type,,,Loan_type,,,,,,,,,,
,Long_security_position_Prudential_portfolio_assignment_type,Long_security_position_Prudential_portfolio_assignment_type,,,Long_security_position_Prudential_portfolio_assignment_type,,,,,,,,,,
,Long_security_position_Prudential_portfolio_type,Long_security_position_Prudential_portfolio_type,,,Long_security_position_Prudential_portfolio_type,,,,,,,,,,
,Long_security_position_type,Long_security_position_type,,,Long_security_position_type,,,,,,,,,,
,MAINTENANCE_AGENCY,MAINTENANCE_AGENCY,,,MAINTENANCE_AGENCY,,,,,,,,,,
,MAPPING_DEFINITION,MAPPING_DEFINITION,,,MAPPING_DEFINITION,,,,,,,,,,
,MAPPING_TO_CUBE,MAPPING_TO_CUBE,,,MAPPING_TO_CUBE,,,,,,,,,,
,MCHNRY_EQUPMNT_CLLTRL,MCHNRY_EQUPMNT_CLLTRL,,,MCHNRY_EQUPMNT_CLLTRL,,,,,,,,,,
,MEMBER,MEMBER,,,MEMBER,,,,,,,,,,
,MEMBER_HIERARCHY,MEMBER_HIERARCHY,,,MEMBER_HIERARCHY,,,,,,,,,,
,MEMBER_HIERARCHY_NODE,MEMBER_HIERARCHY_NODE,,,MEMBER_HIERARCHY_NODE,,,,,,,,,,
,MEMBER_LINK,MEMBER_LINK,,,MEMBER_LINK,,,,,,,,,,
,MEMBER_MAPPING,MEMBER_MAPPING,,,MEMBER_MAPPING,,,,,,,,,,
,MEMBER_MAPPING_ITEM,MEMBER_MAPPING_ITEM,,,MEMBER_MAPPING_ITEM,,,,,,,,,,
,MSTR_AGRMNT,MSTR_AGRMNT,,,MSTR_AGRMNT,,,,,,,,,,
,MSTR_AGRMNT_CCP_ASSGNMNT,MSTR_AGRMNT_CCP_ASSGNMNT,,,MSTR_AGRMNT_CCP_ASSGNMNT,,,,,,,,,,
,MSTR_AGRMNT_CLRNG_MMBR_ASSGNMNT,MSTR_AGRMNT_CLRNG_MMBR_ASSGNMNT,,,MSTR_AGRMNT_CLRNG_MMBR_ASSGNMNT,,,,,,,,,,
,MSTR_AGRMNT_ENTTY_RL_ASSGNMNT,MSTR_AGRMNT_ENTTY_RL_ASSGNMNT,,,MSTR_AGRMNT_ENTTY_RL_ASSGNMNT,,,,,,,,,,
,MSTR_AGRMNT_FNNCL_CNTRCT_ASSGNMNT,MSTR_AGRMNT_FNNCL_CNTRCT_ASSGNMNT,,,MSTR_AGRMNT_FNNCL_CNTRCT_ASSGNMNT,,,,,,,,,,
,MSTR_AGRMNT_NN_QCCP_ASSGNMNT,MSTR_AGRMNT_NN_QCCP_ASSGNMNT,,,MSTR_AGRMNT_NN_QCCP_ASSGNMNT,,,,,,,,,,
,MSTR_AGRMNT_QCCP_ASSGNMNT,MSTR_AGRMNT_QCCP_ASSGNMNT,,,MSTR_AGRMNT_QCCP_ASSGNMNT,,,,,,,,,,
,MSTR_AGRMNT_WIT_CCP,MSTR_AGRMNT_WIT_CCP,,,MSTR_AGRMNT_WIT_CCP,,,,,,,,,,
,MSTR_AGRMNT_WIT_CLRNG_MMBR,MSTR_AGRMNT_WIT_CLRNG_MMBR,,,MSTR_AGRMNT_WIT_CLRNG_MMBR,,,,,,,,,,
,MSTR_AGRMNT_WIT_NN_QCCP,MSTR_AGRMNT_WIT_NN_QCCP,,,MSTR_AGRMNT_WIT_NN_QCCP,,,,,,,,,,
,MSTR_AGRMNT_WIT_QCCP,MSTR_AGRMNT_WIT_QCCP,,,MSTR_AGRMNT_WIT_QCCP,,,,,,,,,,
,MSTR_NTTNG_CNTRPRTY,MSTR_NTTNG_CNTRPRTY,,,MSTR_NTTNG_CNTRPRTY,,,,,,,,,,
,NFV_ETD_LBLTY_PSTN,NFV_ETD_LBLTY_PSTN,,,NFV_ETD_LBLTY_PSTN,,,,,,,,,,
,NMRC_RTNG_SYSTM,NMRC_RTNG_SYSTM,,,NMRC_RTNG_SYSTM,,,,,,,,,,
,NN_BLNC_SHT_RCGNSD_ETD_LBLTY_PSTN,NN_BLNC_SHT_RCGNSD_ETD_LBLTY_PSTN,,,NN_BLNC_SHT_RCGNSD_ETD_LBLTY_PSTN,,,,,,,,,,
,NN_BLNC_SHT_RCGNSD_EXCHNG_TRDBL_DRVTV_ASST_PSTN,NN_BLNC_SHT_RCGNSD_EXCHNG_TRDBL_DRVTV_ASST_PSTN,,,NN_BLNC_SHT_RCGNSD_EXCHNG_TRDBL_DRVTV_ASST_PSTN,,,,,,,,,,
,NN_BLNC_SHT_RCGNSD_FNNCL_ASST_INSTRMNT,NN_BLNC_SHT_RCGNSD_FNNCL_ASST_INSTRMNT,,,NN_BLNC_SHT_RCGNSD_FNNCL_ASST_INSTRMNT,,,,,,,,,,
,NN_BLNC_SHT_RCGNSD_FNNCL_ASST_INSTRMNT_IFRS,NN_BLNC_SHT_RCGNSD_FNNCL_ASST_INSTRMNT_IFRS,,,NN_BLNC_SHT_RCGNSD_FNNCL_ASST_INSTRMNT_IFRS,,,,,,,,,,
,NN_BLNC_SHT_RCGNSD_FNNCL_ASST_INSTRMNT_NGAAP,NN_BLNC_SHT_RCGNSD_FNNCL_ASST_INSTRMNT_NGAAP,,,NN_BLNC_SHT_RCGNSD_FNNCL_ASST_INSTRMNT_NGAAP,,,,,,,,,,
,NN_BLNC_SHT_RCGNSD_FNNCL_LBLTY_INSTRMNT,NN_BLNC_SHT_RCGNSD_FNNCL_LBLTY_INSTRMNT,,,NN_BLNC_SHT_RCGNSD_FNNCL_LBLTY_INSTRMNT,,,,,,,,,,
,NN_CNTRL_GVRNMNT_RTNG_SYSTM,NN_CNTRL_GVRNMNT_RTNG_SYSTM,,,NN_CNTRL_GVRNMNT_RTNG_SYSTM,,,,,,,,,,
,NN_DFLT_FNNCL_ASST_INSTRMNT_INDVDLLY_ASSSSD,NN_DFLT_FNNCL_ASST_INSTRMNT_INDVDLLY_ASSSSD,,,NN_DFLT_FNNCL_ASST_INSTRMNT_INDVDLLY_ASSSSD,,,,,,,,,,
,NN_FNNCL_ASST,NN_FNNCL_ASST,,,NN_FNNCL_ASST,,,,,,,,,,
,NN_FNNCL_ASST_NN_FNNCL_LBLTY,NN_FNNCL_ASST_NN_FNNCL_LBLTY,,,NN_FNNCL_ASST_NN_FNNCL_LBLTY,,,,,,,,,,
,NN_FNNCL_CRPRTN,NN_FNNCL_CRPRTN,,,NN_FNNCL_CRPRTN,,,,,,,,,,
,NN_FNNCL_LBLTY,NN_FNNCL_LBLTY,,,NN_FNNCL_LBLTY,,,,,,,,,,
,NN_FRBN_OFF_BLNC_SHT_ITM_GVN_INSTRMNT,NN_FRBN_OFF_BLNC_SHT_ITM_GVN_INSTRMNT,,,NN_FRBN_OFF_BLNC_SHT_ITM_GVN_INSTRMNT,,,,,,,,,,
,NN_FRBRN_LNG_NN_NGTBL_SCRTY_PSTN,NN_FRBRN_LNG_NN_NGTBL_SCRTY_PSTN,,,NN_FRBRN_LNG_NN_NGTBL_SCRTY_PSTN,,,,,,,,,,
,NN_FR_VLD_BLNC_SHT_ITM_GVN_CRDT_FCLTY,NN_FR_VLD_BLNC_SHT_ITM_GVN_CRDT_FCLTY,,,NN_FR_VLD_BLNC_SHT_ITM_GVN_CRDT_FCLTY,,,,,,,,,,
,NN_FR_VLD_BLNC_SHT_RCGNSD_EXCHNG_TRDBL_DRVTV_ASST_PSTN,NN_FR_VLD_BLNC_SHT_RCGNSD_EXCHNG_TRDBL_DRVTV_ASST_PSTN,,,NN_FR_VLD_BLNC_SHT_RCGNSD_EXCHNG_TRDBL_DRVTV_ASST_PSTN,,,,,,,,,,
,NN_FR_VLD_BLNC_SHT_RCGNSD_FNNCL_ASST_INSTRMNT,NN_FR_VLD_BLNC_SHT_RCGNSD_FNNCL_ASST_INSTRMNT,,,NN_FR_VLD_BLNC_SHT_RCGNSD_FNNCL_ASST_INSTRMNT,,,,,,,,,,
,NN_FV_DBT_SCRTY_ISSD,NN_FV_DBT_SCRTY_ISSD,,,NN_FV_DBT_SCRTY_ISSD,,,,,,,,,,
,NN_FXD_INTRST_FNNCL_ASST_INSTRMNT,NN_FXD_INTRST_FNNCL_ASST_INSTRMNT,,,NN_FXD_INTRST_FNNCL_ASST_INSTRMNT,,,,,,,,,,
,NN_INTRST_ONL_FNNCL_ASST_INSTRMNT,NN_INTRST_ONL_FNNCL_ASST_INSTRMNT,,,NN_INTRST_ONL_FNNCL_ASST_INSTRMNT,,,,,,,,,,
,NN_ISIN_SCRTY,NN_ISIN_SCRTY,,,NN_ISIN_SCRTY,,,,,,,,,,
,NN_ISIN_SCRTY_DRVD_DT,NN_ISIN_SCRTY_DRVD_DT,,,NN_ISIN_SCRTY_DRVD_DT,,,,,,,,,,
,NN_LSTD_CNTRL_BNK_PRVT_SCTR_CMPNY,NN_LSTD_CNTRL_BNK_PRVT_SCTR_CMPNY,,,NN_LSTD_CNTRL_BNK_PRVT_SCTR_CMPNY,,,,,,,,,,
,NN_PRFRMNG_DBT_SCRTY,NN_PRFRMNG_DBT_SCRTY,,,NN_PRFRMNG_DBT_SCRTY,,,,,,,,,,
,NN_PRFRMNG_FNNCL_ASST_INSTRMNT_DBTR_ASSSSD,NN_PRFRMNG_FNNCL_ASST_INSTRMNT_DBTR_ASSSSD,,,NN_PRFRMNG_FNNCL_ASST_INSTRMNT_DBTR_ASSSSD,,,,,,,,,,
,NN_PRFRMNG_NN_DFLT_FNNCL_ASST_INSTRMNT_INDVDLLY_ASSSSD,NN_PRFRMNG_NN_DFLT_FNNCL_ASST_INSTRMNT_INDVDLLY_ASSSSD,,,NN_PRFRMNG_NN_DFLT_FNNCL_ASST_INSTRMNT_INDVDLLY_ASSSSD,,,,,,,,,,
,NN_PRFRMNG_NN_RTL_EXPSR_CLSS_FNNCL_ASST_INSTRMNT,NN_PRFRMNG_NN_RTL_EXPSR_CLSS_FNNCL_ASST_INSTRMNT,,,NN_PRFRMNG_NN_RTL_EXPSR_CLSS_FNNCL_ASST_INSTRMNT,,,,,,,,,,
,NN_PRPTL_DBT_SCRTY,NN_PRPTL_DBT_SCRTY,,,NN_PRPTL_DBT_SCRTY,,,,,,,,,,
,NN_QCCP,NN_QCCP,,,NN_QCCP,,,,,,,,,,
,NN_RGSTRD_CLLTRL,NN_RGSTRD_CLLTRL,,,NN_RGSTRD_CLLTRL,,,,,,,,,,
,NN_RNGTTD_FNNCL_ASST_INSTRMNT,NN_RNGTTD_FNNCL_ASST_INSTRMNT,,,NN_RNGTTD_FNNCL_ASST_INSTRMNT,,,,,,,,,,
,NN_RTL_EXPSR_FNNCL_ASST_INSTRMNT,NN_RTL_EXPSR_FNNCL_ASST_INSTRMNT,,,NN_RTL_EXPSR_FNNCL_ASST_INSTRMNT,,,,,,,,,,
,NN_SFTWR_PRPRTY_PLNT_EQPMNT_NT_TKN_INT_PSSSSN,NN_SFTWR_PRPRTY_PLNT_EQPMNT_NT_TKN_INT_PSSSSN,,,NN_SFTWR_PRPRTY_PLNT_EQPMNT_NT_TKN_INT_PSSSSN,,,,,,,,,,
,NN_SFTWR_PRPRTY_PLNT_EQPMNT_TKN_INT_PSSSSN,NN_SFTWR_PRPRTY_PLNT_EQPMNT_TKN_INT_PSSSSN,,,NN_SFTWR_PRPRTY_PLNT_EQPMNT_TKN_INT_PSSSSN,,,,,,,,,,
,NN_SLF_EMPLYD_NTRL_PRSN,NN_SLF_EMPLYD_NTRL_PRSN,,,NN_SLF_EMPLYD_NTRL_PRSN,,,,,,,,,,
,NN_SNDCTD_CNTRCT_NN_SB_PRTCPTN_MMBR_INSTRMNT,NN_SNDCTD_CNTRCT_NN_SB_PRTCPTN_MMBR_INSTRMNT,,,NN_SNDCTD_CNTRCT_NN_SB_PRTCPTN_MMBR_INSTRMNT,,,,,,,,,,
,NN_UPU_SYSTM_PRTY,NN_UPU_SYSTM_PRTY,,,NN_UPU_SYSTM_PRTY,,,,,,,,,,
,NTRL_PRSN,NTRL_PRSN,,,NTRL_PRSN,,,,,,,,,,
,NTRL_PRSN_GRP_RL,NTRL_PRSN_GRP_RL,,,NTRL_PRSN_GRP_RL,,,,,,,,,,
,NTRL_PRSN_KY_MNGMNT_PRSNLL_ASSGNMNT,NTRL_PRSN_KY_MNGMNT_PRSNLL_ASSGNMNT,,,NTRL_PRSN_KY_MNGMNT_PRSNLL_ASSGNMNT,,,,,,,,,,
,NT_MMBR_EU,NT_MMBR_EU,,,NT_MMBR_EU,,,,,,,,,,
,NT_PST_DU_FNNCL_ASST_INSTRMNT,NT_PST_DU_FNNCL_ASST_INSTRMNT,,,NT_PST_DU_FNNCL_ASST_INSTRMNT,,,,,,,,,,
,NT_SGNFCNT_RSK_TRNSFR_SCRTSTN,NT_SGNFCNT_RSK_TRNSFR_SCRTSTN,,,NT_SGNFCNT_RSK_TRNSFR_SCRTSTN,,,,,,,,,,
,Negotiable_security_position_indicator,Negotiable_security_position_indicator,,,Negotiable_security_position_indicator,,,,,,,,,,
,OFFCS_CMMRCL_PRMSS_CLLTRL,OFFCS_CMMRCL_PRMSS_CLLTRL,,,OFFCS_CMMRCL_PRMSS_CLLTRL,,,,,,,,,,
,OFFCS_CMMRCL_PRMSS_NT_RLTD_LND_CLLTRL,OFFCS_CMMRCL_PRMSS_NT_RLTD_LND_CLLTRL,,,OFFCS_CMMRCL_PRMSS_NT_RLTD_LND_CLLTRL,,,,,,,,,,
,OFFCS_CMMRCL_PRMSS_RLTD_LND_CLLTRL,OFFCS_CMMRCL_PRMSS_RLTD_LND_CLLTRL,,,OFFCS_CMMRCL_PRMSS_RLTD_LND_CLLTRL,,,,,,,,,,
,OFF_BLNC_INSTRMNT,OFF_BLNC_INSTRMNT,,,OFF_BLNC_INSTRMNT,,,,,,,,,,
,OFF_BLNC_INSTRMNT_CLLTRL_ASSGNMNT,OFF_BLNC_INSTRMNT_CLLTRL_ASSGNMNT,,,OFF_BLNC_INSTRMNT_CLLTRL_ASSGNMNT,,,,,,,,,,
,OFF_BLNC_INSTRMNT_CLLTRL_GVN_ASSGNMNT,OFF_BLNC_INSTRMNT_CLLTRL_GVN_ASSGNMNT,,,OFF_BLNC_INSTRMNT_CLLTRL_GVN_ASSGNMNT,,,,,,,,,,
,OFF_BLNC_SHT_ITM_GVN_INSTRMNT,OFF_BLNC_SHT_ITM_GVN_INSTRMNT,,,OFF_BLNC_SHT_ITM_GVN_INSTRMNT,,,,,,,,,,
,OFF_BLNC_SHT_ITM_GVN_INSTRMNT_DRVD_DT,OFF_BLNC_SHT_ITM_GVN_INSTRMNT_DRVD_DT,,,OFF_BLNC_SHT_ITM_GVN_INSTRMNT_DRVD_DT,,,,,,,,,,
,OFF_BLNC_SHT_ITM_RCVD_INSTRMNT,OFF_BLNC_SHT_ITM_RCVD_INSTRMNT,,,OFF_BLNC_SHT_ITM_RCVD_INSTRMNT,,,,,,,,,,
,OFF_BLNC_SHT_ITM_RCVD_INSTRMNT_DRVD_DT,OFF_BLNC_SHT_ITM_RCVD_INSTRMNT_DRVD_DT,,,OFF_BLNC_SHT_ITM_RCVD_INSTRMNT_DRVD_DT,,,,,,,,,,
,OPN_RPRCHS_AGRMNT_INSTRMNT,OPN_RPRCHS_AGRMNT_INSTRMNT,,,OPN_RPRCHS_AGRMNT_INSTRMNT,,,,,,,,,,
,ORDINATE_ITEM,ORDINATE_ITEM,,,ORDINATE_ITEM,,,,,,,,,,
,ORGNL_LNDR,ORGNL_LNDR,,,ORGNL_LNDR,,,,,,,,,,
,ORGNSTN,ORGNSTN,,,ORGNSTN,,,,,,,,,,
,ORGNSTNL_UNT,ORGNSTNL_UNT,,,ORGNSTNL_UNT,,,,,,,,,,
,ORGNSTN_RL,ORGNSTN_RL,,,ORGNSTN_RL,,,,,,,,,,
,ORGNSTN_RSK_DT,ORGNSTN_RSK_DT,,,ORGNSTN_RSK_DT,,,,,,,,,,
,ORGNSTN_WTHT_LGL_PRCDNG,ORGNSTN_WTHT_LGL_PRCDNG,,,ORGNSTN_WTHT_LGL_PRCDNG,,,,,,,,,,
,ORGNSTN_WTH_LGL_PRCDNG,ORGNSTN_WTH_LGL_PRCDNG,,,ORGNSTN_WTH_LGL_PRCDNG,,,,,,,,,,
,ORGNTR,ORGNTR,,,ORGNTR,,,,,,,,,,
,OTC_CDS,OTC_CDS,,,OTC_CDS,,,,,,,,,,
,OTC_CRDT_DFLT_SWP_CLLTRL_RCVD_INSTRMNT_ASSGNMNT,OTC_CRDT_DFLT_SWP_CLLTRL_RCVD_INSTRMNT_ASSGNMNT,,,OTC_CRDT_DFLT_SWP_CLLTRL_RCVD_INSTRMNT_ASSGNMNT,,,,,,,,,,
,OTC_CRDT_SPRD_OPTN,OTC_CRDT_SPRD_OPTN,,,OTC_CRDT_SPRD_OPTN,,,,,,,,,,
,OTC_DRVTV_BUYR_ASSGNMNT,OTC_DRVTV_BUYR_ASSGNMNT,,,OTC_DRVTV_BUYR_ASSGNMNT,,,,,,,,,,
,OTC_DRVTV_HDG,OTC_DRVTV_HDG,,,OTC_DRVTV_HDG,,,,,,,,,,
,OTC_DRVTV_HDG_IFRS,OTC_DRVTV_HDG_IFRS,,,OTC_DRVTV_HDG_IFRS,,,,,,,,,,
,OTC_DRVTV_HDG_NGAAP,OTC_DRVTV_HDG_NGAAP,,,OTC_DRVTV_HDG_NGAAP,,,,,,,,,,
,OTC_DRVTV_INSTRMNT,OTC_DRVTV_INSTRMNT,,,OTC_DRVTV_INSTRMNT,,,,,,,,,,
,OTC_DRVTV_INSTRMNT_DRVD_DT,OTC_DRVTV_INSTRMNT_DRVD_DT,,,OTC_DRVTV_INSTRMNT_DRVD_DT,,,,,,,,,,
,OTC_DRVTV_INSTRMNT_SNTHTC_SCRTSTN_ASSGNMNT,OTC_DRVTV_INSTRMNT_SNTHTC_SCRTSTN_ASSGNMNT,,,OTC_DRVTV_INSTRMNT_SNTHTC_SCRTSTN_ASSGNMNT,,,,,,,,,,
,OTC_DRVTV_SLLR_ASSGNMNT,OTC_DRVTV_SLLR_ASSGNMNT,,,OTC_DRVTV_SLLR_ASSGNMNT,,,,,,,,,,
,OTC_FRWRD,OTC_FRWRD,,,OTC_FRWRD,,,,,,,,,,
,OTC_INSTRMNT_CLLTRL_RCVD_INSTRMNT_ASSGNMNT,OTC_INSTRMNT_CLLTRL_RCVD_INSTRMNT_ASSGNMNT,,,OTC_INSTRMNT_CLLTRL_RCVD_INSTRMNT_ASSGNMNT,,,,,,,,,,
,OTC_OPTN,OTC_OPTN,,,OTC_OPTN,,,,,,,,,,
,OTC_SRDT_DFLT_SWP_RCVD_CLLTRL_INSTRMNT,OTC_SRDT_DFLT_SWP_RCVD_CLLTRL_INSTRMNT,,,OTC_SRDT_DFLT_SWP_RCVD_CLLTRL_INSTRMNT,,,,,,,,,,
,OTC_SWP,OTC_SWP,,,OTC_SWP,,,,,,,,,,
,OTC_TTL_RTRN_SWP,OTC_TTL_RTRN_SWP,,,OTC_TTL_RTRN_SWP,,,,,,,,,,
,OTHR_ADVNC,OTHR_ADVNC,,,OTHR_ADVNC,,,,,,,,,,
,OTHR_CLLTRL_RCVD_INSTRMNT,OTHR_CLLTRL_RCVD_INSTRMNT,,,OTHR_CLLTRL_RCVD_INSTRMNT,,,,,,,,,,
,OTHR_CMMDTY_CLLTRL,OTHR_CMMDTY_CLLTRL,,,OTHR_CMMDTY_CLLTRL,,,,,,,,,,
,OTHR_CMMTMNT,OTHR_CMMTMNT,,,OTHR_CMMTMNT,,,,,,,,,,
,OTHR_CMMTMNT_CRDTR_ASSGNMNT,OTHR_CMMTMNT_CRDTR_ASSGNMNT,,,OTHR_CMMTMNT_CRDTR_ASSGNMNT,,,,,,,,,,
,OTHR_CMMTMNT_DBTR_ASSGNMNT,OTHR_CMMTMNT_DBTR_ASSGNMNT,,,OTHR_CMMTMNT_DBTR_ASSGNMNT,,,,,,,,,,
,OTHR_DPST,OTHR_DPST,,,OTHR_DPST,,,,,,,,,,
,OTHR_EMPLY_BNFT,OTHR_EMPLY_BNFT,,,OTHR_EMPLY_BNFT,,,,,,,,,,
,OTHR_FNNCL_CLLTRL,OTHR_FNNCL_CLLTRL,,,OTHR_FNNCL_CLLTRL,,,,,,,,,,
,OTHR_FNNCL_CRPRTN,OTHR_FNNCL_CRPRTN,,,OTHR_FNNCL_CRPRTN,,,,,,,,,,
,OTHR_GRP_CLNTS,OTHR_GRP_CLNTS,,,OTHR_GRP_CLNTS,,,,,,,,,,
,OTHR_IMMTRL_RGHTS_CLLTRL,OTHR_IMMTRL_RGHTS_CLLTRL,,,OTHR_IMMTRL_RGHTS_CLLTRL,,,,,,,,,,
,OTHR_INTNGBL_ASST_NT_TKN_INT_PSSSSN,OTHR_INTNGBL_ASST_NT_TKN_INT_PSSSSN,,,OTHR_INTNGBL_ASST_NT_TKN_INT_PSSSSN,,,,,,,,,,
,OTHR_INTNGBL_ASST_TKN_INT_PSSSSN,OTHR_INTNGBL_ASST_TKN_INT_PSSSSN,,,OTHR_INTNGBL_ASST_TKN_INT_PSSSSN,,,,,,,,,,
,OTHR_INTNGL_ASST,OTHR_INTNGL_ASST,,,OTHR_INTNGL_ASST,,,,,,,,,,
,OTHR_LN,OTHR_LN,,,OTHR_LN,,,,,,,,,,
,OTHR_LN_CRDTR_ASSGNMNT,OTHR_LN_CRDTR_ASSGNMNT,,,OTHR_LN_CRDTR_ASSGNMNT,,,,,,,,,,
,OTHR_LN_DBTR_ASSGNMNT,OTHR_LN_DBTR_ASSGNMNT,,,OTHR_LN_DBTR_ASSGNMNT,,,,,,,,,,
,OTHR_NN_FNNCL_ASST,OTHR_NN_FNNCL_ASST,,,OTHR_NN_FNNCL_ASST,,,,,,,,,,
,OTHR_NN_FNNCL_ASST_NT_TKN_INT_PSSSSN,OTHR_NN_FNNCL_ASST_NT_TKN_INT_PSSSSN,,,OTHR_NN_FNNCL_ASST_NT_TKN_INT_PSSSSN,,,,,,,,,,
,OTHR_NN_FNNCL_ASST_TKN_INT_PSSSSN_BFR_PRD,OTHR_NN_FNNCL_ASST_TKN_INT_PSSSSN_BFR_PRD,,,OTHR_NN_FNNCL_ASST_TKN_INT_PSSSSN_BFR_PRD,,,,,,,,,,
,OTHR_NN_FNNCL_ASST_TKN_INT_PSSSSN_DRNG_PRD,OTHR_NN_FNNCL_ASST_TKN_INT_PSSSSN_DRNG_PRD,,,OTHR_NN_FNNCL_ASST_TKN_INT_PSSSSN_DRNG_PRD,,,,,,,,,,
,OTHR_NN_FNNCL_LBLTY,OTHR_NN_FNNCL_LBLTY,,,OTHR_NN_FNNCL_LBLTY,,,,,,,,,,
,OTHR_NN_RGSTRD_CLLTRL,OTHR_NN_RGSTRD_CLLTRL,,,OTHR_NN_RGSTRD_CLLTRL,,,,,,,,,,
,OTHR_ORGNSTNL_UNT,OTHR_ORGNSTNL_UNT,,,OTHR_ORGNSTNL_UNT,,,,,,,,,,
,OTHR_OTC_DRVTV_INSTRMNT,OTHR_OTC_DRVTV_INSTRMNT,,,OTHR_OTC_DRVTV_INSTRMNT,,,,,,,,,,
,OTHR_OTC_OPTN,OTHR_OTC_OPTN,,,OTHR_OTC_OPTN,,,,,,,,,,
,OTHR_OTC_SWP,OTHR_OTC_SWP,,,OTHR_OTC_SWP,,,,,,,,,,
,OTHR_OVRNGHT_DPST,OTHR_OVRNGHT_DPST,,,OTHR_OVRNGHT_DPST,,,,,,,,,,
,OTHR_PRTY_CD,OTHR_PRTY_CD,,,OTHR_PRTY_CD,,,,,,,,,,
,OTHR_PRTY_ID,OTHR_PRTY_ID,,,OTHR_PRTY_ID,,,,,,,,,,
,OTHR_PRVSN,OTHR_PRVSN,,,OTHR_PRVSN,,,,,,,,,,
,OTHR_TRD_RCVBL,OTHR_TRD_RCVBL,,,OTHR_TRD_RCVBL,,,,,,,,,,
,OVRNGHT_DPST,OVRNGHT_DPST,,,OVRNGHT_DPST,,,,,,,,,,
,Obtained_collateral_received_instrument_type,Obtained_collateral_received_instrument_type,,,Obtained_collateral_received_instrument_type,,,,,,,,,,
,Obtained_collateral_type,Obtained_collateral_type,,,Obtained_collateral_type,,,,,,,,,,
,Organisation_type,Organisation_type,,,Organisation_type,,,,,,,,,,
,Organisation_type_by_legal_proceeding_status,Organisation_type_by_legal_proceeding_status,,,Organisation_type_by_legal_proceeding_status,,,,,,,,,,
,PHYSCL_CLLTRL,PHYSCL_CLLTRL,,,PHYSCL_CLLTRL,,,,,,,,,,
,PHYSCL_CLLTRL_INVSTMNT_PRPRTY_ASSGNMNT,PHYSCL_CLLTRL_INVSTMNT_PRPRTY_ASSGNMNT,,,PHYSCL_CLLTRL_INVSTMNT_PRPRTY_ASSGNMNT,,,,,,,,,,
,PHYSCL_CLLTRL_NN_SFTWR_PRPRTY_PLNT_EQPMNT_NT_TKN_INT_PSSSSN_ASSGNMNT,PHYSCL_CLLTRL_NN_SFTWR_PRPRTY_PLNT_EQPMNT_NT_TKN_INT_PSSSSN_ASSGNMNT,,,PHYSCL_CLLTRL_NN_SFTWR_PRPRTY_PLNT_EQPMNT_NT_TKN_INT_PSSSSN_ASSGNMNT,,,,,,,,,,
,PHYSCL_CLLTRL_NN_SFTWR_PRPRTY_PLNT_EQPMNT_TKN_INT_PSSSSN_ASSGNMNT,PHYSCL_CLLTRL_NN_SFTWR_PRPRTY_PLNT_EQPMNT_TKN_INT_PSSSSN_ASSGNMNT,,,PHYSCL_CLLTRL_NN_SFTWR_PRPRTY_PLNT_EQPMNT_TKN_INT_PSSSSN_ASSGNMNT,,,,,,,,,,
,PMNT_AGNT,PMNT_AGNT,,,PMNT_AGNT,,,,,,,,,,
,PNDNG_LGL_ISSS_TX_LTGTN,PNDNG_LGL_ISSS_TX_LTGTN,,,PNDNG_LGL_ISSS_TX_LTGTN,,,,,,,,,,
,PNSN_OTHR_PST_EMPLYMNT_BNFT_OBLGTN,PNSN_OTHR_PST_EMPLYMNT_BNFT_OBLGTN,,,PNSN_OTHR_PST_EMPLYMNT_BNFT_OBLGTN,,,,,,,,,,
,PRDNTL_CNSLDTN_GRP,PRDNTL_CNSLDTN_GRP,,,PRDNTL_CNSLDTN_GRP,,,,,,,,,,
,PRFRMNG_DBT_SCRTY,PRFRMNG_DBT_SCRTY,,,PRFRMNG_DBT_SCRTY,,,,,,,,,,
,PRFRMNG_FNNCL_ASST_INSTRMNT_DBTR_ASSSSD,PRFRMNG_FNNCL_ASST_INSTRMNT_DBTR_ASSSSD,,,PRFRMNG_FNNCL_ASST_INSTRMNT_DBTR_ASSSSD,,,,,,,,,,
,PRFRMNG_NN_DFLT_FNNCL_ASST_INSTRMNT_INDVDLLY_ASSSSD,PRFRMNG_NN_DFLT_FNNCL_ASST_INSTRMNT_INDVDLLY_ASSSSD,,,PRFRMNG_NN_DFLT_FNNCL_ASST_INSTRMNT_INDVDLLY_ASSSSD,,,,,,,,,,
,PRFRMNG_NN_RTL_EXPSR_CLSS_FNNCL_ASST_INSTRMNT,PRFRMNG_NN_RTL_EXPSR_CLSS_FNNCL_ASST_INSTRMNT,,,PRFRMNG_NN_RTL_EXPSR_CLSS_FNNCL_ASST_INSTRMNT,,,,,,,,,,
,PRPRTY_PLNT_EQPMNT,PRPRTY_PLNT_EQPMNT,,,PRPRTY_PLNT_EQPMNT,,,,,,,,,,
,PRPRTY_PLNT_EQPMNT_NT_TKN_INT_PSSSSN,PRPRTY_PLNT_EQPMNT_NT_TKN_INT_PSSSSN,,,PRPRTY_PLNT_EQPMNT_NT_TKN_INT_PSSSSN,,,,,,,,,,
,PRPRTY_PLNT_EQPMNT_TKN_INT_PSSSSN,PRPRTY_PLNT_EQPMNT_TKN_INT_PSSSSN,,,PRPRTY_PLNT_EQPMNT_TKN_INT_PSSSSN,,,,,,,,,,
,PRPTL_DBT_SCRTY,PRPTL_DBT_SCRTY,,,PRPTL_DBT_SCRTY,,,,,,,,,,
,PRTCTN_ARRNGMNT,PRTCTN_ARRNGMNT,,,PRTCTN_ARRNGMNT,,,,,,,,,,
,PRTCTN_ARRNGMNT_DRVD_DT,PRTCTN_ARRNGMNT_DRVD_DT,,,PRTCTN_ARRNGMNT_DRVD_DT,,,,,,,,,,
,PRTCTN_ARRNGMNT_GVN,PRTCTN_ARRNGMNT_GVN,,,PRTCTN_ARRNGMNT_GVN,,,,,,,,,,
,PRTCTN_ARRNGMNT_GVN_EXCHNG_TRDBL_DRVTV_PSTN_ASSGNMNT,PRTCTN_ARRNGMNT_GVN_EXCHNG_TRDBL_DRVTV_PSTN_ASSGNMNT,,,PRTCTN_ARRNGMNT_GVN_EXCHNG_TRDBL_DRVTV_PSTN_ASSGNMNT,,,,,,,,,,
,PRTCTN_ARRNGMNT_GVN_INSTRMNT_ASSGNMNT,PRTCTN_ARRNGMNT_GVN_INSTRMNT_ASSGNMNT,,,PRTCTN_ARRNGMNT_GVN_INSTRMNT_ASSGNMNT,,,,,,,,,,
,PRTCTN_ARRNGMNT_RCVD,PRTCTN_ARRNGMNT_RCVD,,,PRTCTN_ARRNGMNT_RCVD,,,,,,,,,,
,PRTCTN_ARRNGMNT_RL,PRTCTN_ARRNGMNT_RL,,,PRTCTN_ARRNGMNT_RL,,,,,,,,,,
,PRTCTN_PRTCTN_PRVD_ASSGNMNT,PRTCTN_PRTCTN_PRVD_ASSGNMNT,,,PRTCTN_PRTCTN_PRVD_ASSGNMNT,,,,,,,,,,
,PRTCTN_PRVDR,PRTCTN_PRVDR,,,PRTCTN_PRVDR,,,,,,,,,,
,PRTNR_ENTRPRS,PRTNR_ENTRPRS,,,PRTNR_ENTRPRS,,,,,,,,,,
,PRTNR_ENTRPRS_ASSGNMNT,PRTNR_ENTRPRS_ASSGNMNT,,,PRTNR_ENTRPRS_ASSGNMNT,,,,,,,,,,
,PRTY,PRTY,,,PRTY,,,,,,,,,,
,PRTY_CD,PRTY_CD,,,PRTY_CD,,,,,,,,,,
,PRTY_DRVD_DT,PRTY_DRVD_DT,,,PRTY_DRVD_DT,,,,,,,,,,
,PRTY_PRVS_PRD_DT,PRTY_PRVS_PRD_DT,,,PRTY_PRVS_PRD_DT,,,,,,,,,,
,PRTY_RL,PRTY_RL,,,PRTY_RL,,,,,,,,,,
,PRTY_RSK_DT,PRTY_RSK_DT,,,PRTY_RSK_DT,,,,,,,,,,
,PRVSN,PRVSN,,,PRVSN,,,,,,,,,,
,PRVT_SCTR_CMPNY_OTHR_THN_CRPRTN,PRVT_SCTR_CMPNY_OTHR_THN_CRPRTN,,,PRVT_SCTR_CMPNY_OTHR_THN_CRPRTN,,,,,,,,,,
,PST_DU_FNNCL_ASST_INSTRMNT,PST_DU_FNNCL_ASST_INSTRMNT,,,PST_DU_FNNCL_ASST_INSTRMNT,,,,,,,,,,
,PTNTL_RTL_EXPSR_CLSS_FNNCL_ASST_INSTRMNT,PTNTL_RTL_EXPSR_CLSS_FNNCL_ASST_INSTRMNT,,,PTNTL_RTL_EXPSR_CLSS_FNNCL_ASST_INSTRMNT,,,,,,,,,,
,Party_type,Party_type,,,Party_type,,,,,,,,,,
,Party_type_by_address,Party_type_by_address,,,Party_type_by_address,,,,,,,,,,
,Past_due_financial_asset_instrument_indicator,Past_due_financial_asset_instrument_indicator,,,Past_due_financial_asset_instrument_indicator,,,,,,,,,,
,Perpetual_debt_security_indicator,Perpetual_debt_security_indicator,,,Perpetual_debt_security_indicator,,,,,,,,,,
,QCCP,QCCP,,,QCCP,,,,,,,,,,
,RGSTRD_CLLTRL,RGSTRD_CLLTRL,,,RGSTRD_CLLTRL,,,,,,,,,,
,RIAD_PRTY_CD,RIAD_PRTY_CD,,,RIAD_PRTY_CD,,,,,,,,,,
,RLLNG_STCK_CLLTRL,RLLNG_STCK_CLLTRL,,,RLLNG_STCK_CLLTRL,,,,,,,,,,
,RL_ESTT_CLLTRL,RL_ESTT_CLLTRL,,,RL_ESTT_CLLTRL,,,,,,,,,,
,RL_ESTT_CLLTRL_LCTD_MMBR_STT,RL_ESTT_CLLTRL_LCTD_MMBR_STT,,,RL_ESTT_CLLTRL_LCTD_MMBR_STT,,,,,,,,,,
,RL_ESTT_CLLTRL_NT_LCTD_MMBR_STT,RL_ESTT_CLLTRL_NT_LCTD_MMBR_STT,,,RL_ESTT_CLLTRL_NT_LCTD_MMBR_STT,,,,,,,,,,
,RNGTTD_FNNCL_ASST_INSTRMNT,RNGTTD_FNNCL_ASST_INSTRMNT,,,RNGTTD_FNNCL_ASST_INSTRMNT,,,,,,,,,,
,RNGTTD_FNNCL_ASST_INSTRMNT_FRBRNC_MSR_DRVD_DT,RNGTTD_FNNCL_ASST_INSTRMNT_FRBRNC_MSR_DRVD_DT,,,RNGTTD_FNNCL_ASST_INSTRMNT_FRBRNC_MSR_DRVD_DT,,,,,,,,,,
,RNGTTD_FNNCL_ASST_INSTRMNT_WTHT_FRBRNC_MSR,RNGTTD_FNNCL_ASST_INSTRMNT_WTHT_FRBRNC_MSR,,,RNGTTD_FNNCL_ASST_INSTRMNT_WTHT_FRBRNC_MSR,,,,,,,,,,
,RNGTTD_FNNCL_ASST_INSTRMNT_WTH_FRBRNC_MSR,RNGTTD_FNNCL_ASST_INSTRMNT_WTH_FRBRNC_MSR,,,RNGTTD_FNNCL_ASST_INSTRMNT_WTH_FRBRNC_MSR,,,,,,,,,,
,RPRCHS_AGRMNT_BYR_ASSGNMNT,RPRCHS_AGRMNT_BYR_ASSGNMNT,,,RPRCHS_AGRMNT_BYR_ASSGNMNT,,,,,,,,,,
,RPRCHS_AGRMNT_CMPNNT,RPRCHS_AGRMNT_CMPNNT,,,RPRCHS_AGRMNT_CMPNNT,,,,,,,,,,
,RPRCHS_AGRMNT_CSH_LG,RPRCHS_AGRMNT_CSH_LG,,,RPRCHS_AGRMNT_CSH_LG,,,,,,,,,,
,RPRCHS_AGRMNT_INSTRMNT,RPRCHS_AGRMNT_INSTRMNT,,,RPRCHS_AGRMNT_INSTRMNT,,,,,,,,,,
,RPRCHS_AGRMNT_SLLR_ASSGNMNT,RPRCHS_AGRMNT_SLLR_ASSGNMNT,,,RPRCHS_AGRMNT_SLLR_ASSGNMNT,,,,,,,,,,
,RPRTNG_AGNT_INTRNL_GRP_RL,RPRTNG_AGNT_INTRNL_GRP_RL,,,RPRTNG_AGNT_INTRNL_GRP_RL,,,,,,,,,,
,RSDNTL_RL_ESTT_CLLTRL,RSDNTL_RL_ESTT_CLLTRL,,,RSDNTL_RL_ESTT_CLLTRL,,,,,,,,,,
,RSK_FAC_SA,RSK_FAC_SA,,,RSK_FAC_SA,,,,,,,,,,
,RSTRCTRNG,RSTRCTRNG,,,RSTRCTRNG,,,,,,,,,,
,RTNG_AGNCY,RTNG_AGNCY,,,RTNG_AGNCY,,,,,,,,,,
,RTNG_AGNCY_EXCSS_MTHDLGY_CVRD_BND_PRGRMM_ASSGNMNT,RTNG_AGNCY_EXCSS_MTHDLGY_CVRD_BND_PRGRMM_ASSGNMNT,,,RTNG_AGNCY_EXCSS_MTHDLGY_CVRD_BND_PRGRMM_ASSGNMNT,,,,,,,,,,
,RTNG_GRD,RTNG_GRD,,,RTNG_GRD,,,,,,,,,,
,RTNG_GRD_CNTRL_BNK_PRVT_SCTR_CMPN_ASSGNMNT,RTNG_GRD_CNTRL_BNK_PRVT_SCTR_CMPN_ASSGNMNT,,,RTNG_GRD_CNTRL_BNK_PRVT_SCTR_CMPN_ASSGNMNT,,,,,,,,,,
,RTNG_GRD_CNTRY_ASSGNMNT,RTNG_GRD_CNTRY_ASSGNMNT,,,RTNG_GRD_CNTRY_ASSGNMNT,,,,,,,,,,
,RTNG_GRD_ISSR_BSD_RTNG_SYSTM,RTNG_GRD_ISSR_BSD_RTNG_SYSTM,,,RTNG_GRD_ISSR_BSD_RTNG_SYSTM,,,,,,,,,,
,RTNG_GRD_ISSR_BSD_RTNG_SYSTM_CNTRL_GVRNMNT,RTNG_GRD_ISSR_BSD_RTNG_SYSTM_CNTRL_GVRNMNT,,,RTNG_GRD_ISSR_BSD_RTNG_SYSTM_CNTRL_GVRNMNT,,,,,,,,,,
,RTNG_GRD_ISSR_BSD_RTNG_SYSTM_NN_CNTRL_GVRNMNT,RTNG_GRD_ISSR_BSD_RTNG_SYSTM_NN_CNTRL_GVRNMNT,,,RTNG_GRD_ISSR_BSD_RTNG_SYSTM_NN_CNTRL_GVRNMNT,,,,,,,,,,
,RTNG_GRD_ISS_BSD_RTNG_SSTM_DBT_SCRTY_ASSGNMNT,RTNG_GRD_ISS_BSD_RTNG_SSTM_DBT_SCRTY_ASSGNMNT,,,RTNG_GRD_ISS_BSD_RTNG_SSTM_DBT_SCRTY_ASSGNMNT,,,,,,,,,,
,RTNG_GRD_ISS_BSD_RTNG_SYSTM,RTNG_GRD_ISS_BSD_RTNG_SYSTM,,,RTNG_GRD_ISS_BSD_RTNG_SYSTM,,,,,,,,,,
,RTNG_SYSTM,RTNG_SYSTM,,,RTNG_SYSTM,,,,,,,,,,
,RTNG_SYSTM_APPLD_LGL_PRSN,RTNG_SYSTM_APPLD_LGL_PRSN,,,RTNG_SYSTM_APPLD_LGL_PRSN,,,,,,,,,,
,RVRS_RPRCHS_AGRMNT_CSH_LG,RVRS_RPRCHS_AGRMNT_CSH_LG,,,RVRS_RPRCHS_AGRMNT_CSH_LG,,,,,,,,,,
,RVRS_RPRCHS_AGRMNT_LN,RVRS_RPRCHS_AGRMNT_LN,,,RVRS_RPRCHS_AGRMNT_LN,,,,,,,,,,
,RVRS_RPRCHS_AGRMNT_LN_CRDTR_ASSGNMNT,RVRS_RPRCHS_AGRMNT_LN_CRDTR_ASSGNMNT,,,RVRS_RPRCHS_AGRMNT_LN_CRDTR_ASSGNMNT,,,,,,,,,,
,RVRS_RPRCHS_AGRMNT_LN_DBTR_ASSGNMNT,RVRS_RPRCHS_AGRMNT_LN_DBTR_ASSGNMNT,,,RVRS_RPRCHS_AGRMNT_LN_DBTR_ASSGNMNT,,,,,,,,,,
,Rating_system_type_by_nature_Grade_vs_Numeric,Rating_system_type_by_nature_Grade_vs_Numeric,,,Rating_system_type_by_nature_Grade_vs_Numeric,,,,,,,,,,
,Rating_system_type_by_target_Issue_vs_Issuer_based,Rating_system_type_by_target_Issue_vs_Issuer_based,,,Rating_system_type_by_target_Issue_vs_Issuer_based,,,,,,,,,,
,Real_estate_collateral_location_type,Real_estate_collateral_location_type,,,Real_estate_collateral_location_type,,,,,,,,,,
,Real_estate_collateral_type,Real_estate_collateral_type,,,Real_estate_collateral_type,,,,,,,,,,
,Risk_measure_type,Risk_measure_type,,,Risk_measure_type,,,,,,,,,,
,Risk_measure_type_by_position,Risk_measure_type_by_position,,,Risk_measure_type_by_position,,,,,,,,,,
,SBSDRY,SBSDRY,,,SBSDRY,,,,,,,,,,
,SBSDRY_JNT_VNTR_ASSCT,SBSDRY_JNT_VNTR_ASSCT,,,SBSDRY_JNT_VNTR_ASSCT,,,,,,,,,,
,SBSDRY_JNT_VNTR_ASSCT_ASSCT_ASSGNMNT,SBSDRY_JNT_VNTR_ASSCT_ASSCT_ASSGNMNT,,,SBSDRY_JNT_VNTR_ASSCT_ASSCT_ASSGNMNT,,,,,,,,,,
,SBSDRY_JNT_VNTR_ASSCT_JNT_VNTR_ASSGNMNT,SBSDRY_JNT_VNTR_ASSCT_JNT_VNTR_ASSGNMNT,,,SBSDRY_JNT_VNTR_ASSCT_JNT_VNTR_ASSGNMNT,,,,,,,,,,
,SBSDRY_JNT_VNTR_ASSCT_OTHR_ORGNSTN_ASSGNMNT,SBSDRY_JNT_VNTR_ASSCT_OTHR_ORGNSTN_ASSGNMNT,,,SBSDRY_JNT_VNTR_ASSCT_OTHR_ORGNSTN_ASSGNMNT,,,,,,,,,,
,SBSDRY_JNT_VNTR_ASSCT_SBSDRY_ASSGNMNT,SBSDRY_JNT_VNTR_ASSCT_SBSDRY_ASSGNMNT,,,SBSDRY_JNT_VNTR_ASSCT_SBSDRY_ASSGNMNT,,,,,,,,,,
,SCRTSN_OTHR_CRDT_TRNSFR,SCRTSN_OTHR_CRDT_TRNSFR,,,SCRTSN_OTHR_CRDT_TRNSFR,,,,,,,,,,
,SCRTSTN,SCRTSTN,,,SCRTSTN,,,,,,,,,,
,SCRTSTN_CRRLTN_TRDNG_PRTFL_RSK_FCTR_STNDRDSD_APPRCH,SCRTSTN_CRRLTN_TRDNG_PRTFL_RSK_FCTR_STNDRDSD_APPRCH,,,SCRTSTN_CRRLTN_TRDNG_PRTFL_RSK_FCTR_STNDRDSD_APPRCH,,,,,,,,,,
,SCRTSTN_NN_CRRLTN_TRDNG_PRTFL_RSK_FCTR_FR_STNDRDSD_APPRCH,SCRTSTN_NN_CRRLTN_TRDNG_PRTFL_RSK_FCTR_FR_STNDRDSD_APPRCH,,,SCRTSTN_NN_CRRLTN_TRDNG_PRTFL_RSK_FCTR_FR_STNDRDSD_APPRCH,,,,,,,,,,
,SCRTSTN_TRNCH,SCRTSTN_TRNCH,,,SCRTSTN_TRNCH,,,,,,,,,,
,SCRTY,SCRTY,,,SCRTY,,,,,,,,,,
,SCRTY_AGNST_F_BRRWNG_LNDNG_TRNSCTN,SCRTY_AGNST_F_BRRWNG_LNDNG_TRNSCTN,,,SCRTY_AGNST_F_BRRWNG_LNDNG_TRNSCTN,,,,,,,,,,
,SCRTY_AGNST_SCRTY_BRRWNG_LNDNG_TRNSCTN,SCRTY_AGNST_SCRTY_BRRWNG_LNDNG_TRNSCTN,,,SCRTY_AGNST_SCRTY_BRRWNG_LNDNG_TRNSCTN,,,,,,,,,,
,SCRTY_BRRWNG_CMPNNT,SCRTY_BRRWNG_CMPNNT,,,SCRTY_BRRWNG_CMPNNT,,,,,,,,,,
,SCRTY_BRRWNG_CMPNNT_SCRTY_CLLTRL_ASSGNMNT,SCRTY_BRRWNG_CMPNNT_SCRTY_CLLTRL_ASSGNMNT,,,SCRTY_BRRWNG_CMPNNT_SCRTY_CLLTRL_ASSGNMNT,,,,,,,,,,
,SCRTY_BRRWNG_LNDNG_TRNSCTN,SCRTY_BRRWNG_LNDNG_TRNSCTN,,,SCRTY_BRRWNG_LNDNG_TRNSCTN,,,,,,,,,,
,SCRTY_BRRWNG_LNDNG_TRNSCTN_BRRWR_ASSGNMNT,SCRTY_BRRWNG_LNDNG_TRNSCTN_BRRWR_ASSGNMNT,,,SCRTY_BRRWNG_LNDNG_TRNSCTN_BRRWR_ASSGNMNT,,,,,,,,,,
,SCRTY_BRRWNG_LNDNG_TRNSCTN_CMPNNT,SCRTY_BRRWNG_LNDNG_TRNSCTN_CMPNNT,,,SCRTY_BRRWNG_LNDNG_TRNSCTN_CMPNNT,,,,,,,,,,
,SCRTY_BRRWNG_LNDNG_TRNSCTN_CSH_CLLTRL,SCRTY_BRRWNG_LNDNG_TRNSCTN_CSH_CLLTRL,,,SCRTY_BRRWNG_LNDNG_TRNSCTN_CSH_CLLTRL,,,,,,,,,,
,SCRTY_BRRWNG_LNDNG_TRNSCTN_LNDR_ASSGNMNT,SCRTY_BRRWNG_LNDNG_TRNSCTN_LNDR_ASSGNMNT,,,SCRTY_BRRWNG_LNDNG_TRNSCTN_LNDR_ASSGNMNT,,,,,,,,,,
,SCRTY_CLLTRL,SCRTY_CLLTRL,,,SCRTY_CLLTRL,,,,,,,,,,
,SCRTY_CLLTRL_LNDNG_CMPNNT,SCRTY_CLLTRL_LNDNG_CMPNNT,,,SCRTY_CLLTRL_LNDNG_CMPNNT,,,,,,,,,,
,SCRTY_CLLTRL_LNDNG_CMPNNT_SCRTY_CLLTRL_ASSGNMNT,SCRTY_CLLTRL_LNDNG_CMPNNT_SCRTY_CLLTRL_ASSGNMNT,,,SCRTY_CLLTRL_LNDNG_CMPNNT_SCRTY_CLLTRL_ASSGNMNT,,,,,,,,,,
,SCRTY_DBTR,SCRTY_DBTR,,,SCRTY_DBTR,,,,,,,,,,
,SCRTY_DRVD_DT,SCRTY_DRVD_DT,,,SCRTY_DRVD_DT,,,,,,,,,,
,SCRTY_ENTTY_RL_ASSGNMNT,SCRTY_ENTTY_RL_ASSGNMNT,,,SCRTY_ENTTY_RL_ASSGNMNT,,,,,,,,,,
,SCRTY_EXCHNG_TRDBL_DRVTV,SCRTY_EXCHNG_TRDBL_DRVTV,,,SCRTY_EXCHNG_TRDBL_DRVTV,,,,,,,,,,
,SCRTY_EXCHNG_TRDBL_DRVTV_PSTN,SCRTY_EXCHNG_TRDBL_DRVTV_PSTN,,,SCRTY_EXCHNG_TRDBL_DRVTV_PSTN,,,,,,,,,,
,SCRTY_HDGD_EXCHNG_TRDBL_DRVTV,SCRTY_HDGD_EXCHNG_TRDBL_DRVTV,,,SCRTY_HDGD_EXCHNG_TRDBL_DRVTV,,,,,,,,,,
,SCRTY_ISSR_ASSGNMNT,SCRTY_ISSR_ASSGNMNT,,,SCRTY_ISSR_ASSGNMNT,,,,,,,,,,
,SCRTY_LG,SCRTY_LG,,,SCRTY_LG,,,,,,,,,,
,SCRTY_LNDNG_CMPNNT,SCRTY_LNDNG_CMPNNT,,,SCRTY_LNDNG_CMPNNT,,,,,,,,,,
,SCRTY_LNDNG_CMPNNT_SCRTY_ASSGNMNT,SCRTY_LNDNG_CMPNNT_SCRTY_ASSGNMNT,,,SCRTY_LNDNG_CMPNNT_SCRTY_ASSGNMNT,,,,,,,,,,
,SCRTY_PSTN,SCRTY_PSTN,,,SCRTY_PSTN,,,,,,,,,,
,SCRTY_PSTN_DRVD_DT,SCRTY_PSTN_DRVD_DT,,,SCRTY_PSTN_DRVD_DT,,,,,,,,,,
,SCRTY_PSTN_HDGD_OTC_DRVTV,SCRTY_PSTN_HDGD_OTC_DRVTV,,,SCRTY_PSTN_HDGD_OTC_DRVTV,,,,,,,,,,
,SCRTY_PSTN_IFRS,SCRTY_PSTN_IFRS,,,SCRTY_PSTN_IFRS,,,,,,,,,,
,SCRTY_PSTN_NGAAP,SCRTY_PSTN_NGAAP,,,SCRTY_PSTN_NGAAP,,,,,,,,,,
,SCRTY_SCRTY_CLLTRL_LNDNG_CMPNNT,SCRTY_SCRTY_CLLTRL_LNDNG_CMPNNT,,,SCRTY_SCRTY_CLLTRL_LNDNG_CMPNNT,,,,,,,,,,
,SCRTY_SCRTY_RPRCHS_AGRMNT_CMPNNT_ASSGNMNT,SCRTY_SCRTY_RPRCHS_AGRMNT_CMPNNT_ASSGNMNT,,,SCRTY_SCRTY_RPRCHS_AGRMNT_CMPNNT_ASSGNMNT,,,,,,,,,,
,SCTRY_BRRWNG_LNDNG_TRNSCTN_INCLDNG_CSH_CLLTRL,SCTRY_BRRWNG_LNDNG_TRNSCTN_INCLDNG_CSH_CLLTRL,,,SCTRY_BRRWNG_LNDNG_TRNSCTN_INCLDNG_CSH_CLLTRL,,,,,,,,,,
,SFT,SFT,,,SFT,,,,,,,,,,
,SFTWR_CLLTRL,SFTWR_CLLTRL,,,SFTWR_CLLTRL,,,,,,,,,,
,SFTWR_CLLTRL_SFTWR_PRPRTY_PLNT_EQPMNT_NT_TKN_INT_PSSSSN_ASSGNMNT,SFTWR_CLLTRL_SFTWR_PRPRTY_PLNT_EQPMNT_NT_TKN_INT_PSSSSN_ASSGNMNT,,,SFTWR_CLLTRL_SFTWR_PRPRTY_PLNT_EQPMNT_NT_TKN_INT_PSSSSN_ASSGNMNT,,,,,,,,,,
,SFTWR_CLLTRL_SFTWR_PRPRTY_PLNT_EQPMNT_TKN_INT_PSSSSN_ASSGNMNT,SFTWR_CLLTRL_SFTWR_PRPRTY_PLNT_EQPMNT_TKN_INT_PSSSSN_ASSGNMNT,,,SFTWR_CLLTRL_SFTWR_PRPRTY_PLNT_EQPMNT_TKN_INT_PSSSSN_ASSGNMNT,,,,,,,,,,
,SFTWR_PRPRTY_PLNT_EQPMNT_NT_TKN_INT_PSSSSN_ASSGNMNT,SFTWR_PRPRTY_PLNT_EQPMNT_NT_TKN_INT_PSSSSN_ASSGNMNT,,,SFTWR_PRPRTY_PLNT_EQPMNT_NT_TKN_INT_PSSSSN_ASSGNMNT,,,,,,,,,,
,SFTWR_PRPRTY_PLNT_EQPMNT_TKN_INT_PSSSSN_ASSGNMNT,SFTWR_PRPRTY_PLNT_EQPMNT_TKN_INT_PSSSSN_ASSGNMNT,,,SFTWR_PRPRTY_PLNT_EQPMNT_TKN_INT_PSSSSN_ASSGNMNT,,,,,,,,,,
,SFT_DRVD_DT,SFT_DRVD_DT,,,SFT_DRVD_DT,,,,,,,,,,
,SGNFCNT_CRRNCY_DPRCTN_CNTNGNT_ENCMBRNC,SGNFCNT_CRRNCY_DPRCTN_CNTNGNT_ENCMBRNC,,,SGNFCNT_CRRNCY_DPRCTN_CNTNGNT_ENCMBRNC,,,,,,,,,,
,SGNFCNT_RSK_TRNSFR_SCRTSTN,SGNFCNT_RSK_TRNSFR_SCRTSTN,,,SGNFCNT_RSK_TRNSFR_SCRTSTN,,,,,,,,,,
,SGNFCNT_RSK_TRNSFR_SCRTSTN_DRVD_DT,SGNFCNT_RSK_TRNSFR_SCRTSTN_DRVD_DT,,,SGNFCNT_RSK_TRNSFR_SCRTSTN_DRVD_DT,,,,,,,,,,
,SHP_CLLTRL,SHP_CLLTRL,,,SHP_CLLTRL,,,,,,,,,,
,SHRT_SCRTY_PSTN,SHRT_SCRTY_PSTN,,,SHRT_SCRTY_PSTN,,,,,,,,,,
,SHRT_SCRTY_PSTN_BNKG_BK,SHRT_SCRTY_PSTN_BNKG_BK,,,SHRT_SCRTY_PSTN_BNKG_BK,,,,,,,,,,
,SHRT_SCRTY_PSTN_PRDNTL_PRTFL_ASSGNMNT,SHRT_SCRTY_PSTN_PRDNTL_PRTFL_ASSGNMNT,,,SHRT_SCRTY_PSTN_PRDNTL_PRTFL_ASSGNMNT,,,,,,,,,,
,SHRT_SCRTY_PSTN_TRDNG_BK,SHRT_SCRTY_PSTN_TRDNG_BK,,,SHRT_SCRTY_PSTN_TRDNG_BK,,,,,,,,,,
,SHRT_SCRTY_PSTN_TRDNG_BK_DRVD_DT,SHRT_SCRTY_PSTN_TRDNG_BK_DRVD_DT,,,SHRT_SCRTY_PSTN_TRDNG_BK_DRVD_DT,,,,,,,,,,
,SHRT_SCRTY_PSTN_TRDNG_BK_IFRS,SHRT_SCRTY_PSTN_TRDNG_BK_IFRS,,,SHRT_SCRTY_PSTN_TRDNG_BK_IFRS,,,,,,,,,,
,SHRT_SCRTY_PSTN_TRDNG_BK_NGAAP,SHRT_SCRTY_PSTN_TRDNG_BK_NGAAP,,,SHRT_SCRTY_PSTN_TRDNG_BK_NGAAP,,,,,,,,,,
,SHR_CPTL_RPYBL_DMND,SHR_CPTL_RPYBL_DMND,,,SHR_CPTL_RPYBL_DMND,,,,,,,,,,
,SLF_EMPLYD_NTRL_PRSN,SLF_EMPLYD_NTRL_PRSN,,,SLF_EMPLYD_NTRL_PRSN,,,,,,,,,,
,SLLR,SLLR,,,SLLR,,,,,,,,,,
,SNDCTD_CNTRCT_NN_SB_PRTCPTN_MMBR_INSTRMNT_PMNT_AGNT_ASSGNMNT,SNDCTD_CNTRCT_NN_SB_PRTCPTN_MMBR_INSTRMNT_PMNT_AGNT_ASSGNMNT,,,SNDCTD_CNTRCT_NN_SB_PRTCPTN_MMBR_INSTRMNT_PMNT_AGNT_ASSGNMNT,,,,,,,,,,
,SNDCTD_CNTRCT_SB_PRTCPTN_MMBR_INSTRMNT,SNDCTD_CNTRCT_SB_PRTCPTN_MMBR_INSTRMNT,,,SNDCTD_CNTRCT_SB_PRTCPTN_MMBR_INSTRMNT,,,,,,,,,,
,SNGL_FNNCL_CNTRCT,SNGL_FNNCL_CNTRCT,,,SNGL_FNNCL_CNTRCT,,,,,,,,,,
,SNTHTC_SCRTSTN,SNTHTC_SCRTSTN,,,SNTHTC_SCRTSTN,,,,,,,,,,
,SPNSR,SPNSR,,,SPNSR,,,,,,,,,,
,SRVCR,SRVCR,,,SRVCR,,,,,,,,,,
,SSPE,SSPE,,,SSPE,,,,,,,,,,
,SSPNS_ITM,SSPNS_ITM,,,SSPNS_ITM,,,,,,,,,,
,STT_LCL_GVRNMNT_SCL_SCRTY_FNDS,STT_LCL_GVRNMNT_SCL_SCRTY_FNDS,,,STT_LCL_GVRNMNT_SCL_SCRTY_FNDS,,,,,,,,,,
,SUBDOMAIN,SUBDOMAIN,,,SUBDOMAIN,,,,,,,,,,
,SUBDOMAIN_ENUMERATION,SUBDOMAIN_ENUMERATION,,,SUBDOMAIN_ENUMERATION,,,,,,,,,,
,SWP_PRVDR,SWP_PRVDR,,,SWP_PRVDR,,,,,,,,,,
,SYNDCTD_CNTRCT,SYNDCTD_CNTRCT,,,SYNDCTD_CNTRCT,,,,,,,,,,
,SYNDCTD_FNNCL_CNTRCT_MMBR,SYNDCTD_FNNCL_CNTRCT_MMBR,,,SYNDCTD_FNNCL_CNTRCT_MMBR,,,,,,,,,,
,SYNTHTC_SCRTSTN_SSPE,SYNTHTC_SCRTSTN_SSPE,,,SYNTHTC_SCRTSTN_SSPE,,,,,,,,,,
,SYNTHTC_SCRTSTN_WTHT_SSPE,SYNTHTC_SCRTSTN_WTHT_SSPE,,,SYNTHTC_SCRTSTN_WTHT_SSPE,,,,,,,,,,
,Securitisation_type,Securitisation_type,,,Securitisation_type,,,,,,,,,,
,Security_borrowing_and_lending_transaction_component_type_by_Security_type,Security_borrowing_and_lending_transaction_component_type_by_Security_type,,,Security_borrowing_and_lending_transaction_component_type_by_Security_type,,,,,,,,,,
,Security_borrowing_and_lending_transaction_component_type_by_direction,Security_borrowing_and_lending_transaction_component_type_by_direction,,,Security_borrowing_and_lending_transaction_component_type_by_direction,,,,,,,,,,
,Security_position_by_accounting_standard,Security_position_by_accounting_standard,,,Security_position_by_accounting_standard,,,,,,,,,,
,Security_position_type,Security_position_type,,,Security_position_type,,,,,,,,,,
,Security_type_by_identifier,Security_type_by_identifier,,,Security_type_by_identifier,,,,,,,,,,
,Security_type_by_product,Security_type_by_product,,,Security_type_by_product,,,,,,,,,,
,Significant_risk_transfer_indicator,Significant_risk_transfer_indicator,,,Significant_risk_transfer_indicator,,,,,,,,,,
,Syndication_or_sub_participation_member_instrument_indicator,Syndication_or_sub_participation_member_instrument_indicator,,,Syndication_or_sub_participation_member_instrument_indicator,,,,,,,,,,
,TABLE,TABLE,,,TABLE,,,,,,,,,,
,TABLE_CELL,TABLE_CELL,,,TABLE_CELL,,,,,,,,,,
,TRDTNL_SCRTSTN,TRDTNL_SCRTSTN,,,TRDTNL_SCRTSTN,,,,,,,,,,
,TRD_RCBVBL_FCTR_ASSGNMNT,TRD_RCBVBL_FCTR_ASSGNMNT,,,TRD_RCBVBL_FCTR_ASSGNMNT,,,,,,,,,,
,TRD_RCVBL,TRD_RCVBL,,,TRD_RCVBL,,,,,,,,,,
,TRD_RCVBL_ASSGND_DBTR_ASSGNMNT,TRD_RCVBL_ASSGND_DBTR_ASSGNMNT,,,TRD_RCVBL_ASSGND_DBTR_ASSGNMNT,,,,,,,,,,
,TRD_RCVBL_CLLTRL,TRD_RCVBL_CLLTRL,,,TRD_RCVBL_CLLTRL,,,,,,,,,,
,TRM_RPRCHS_AGRMNT_INSTRMNT,TRM_RPRCHS_AGRMNT_INSTRMNT,,,TRM_RPRCHS_AGRMNT_INSTRMNT,,,,,,,,,,
,TRNCH_SYNTHTC_SCRTSTN,TRNCH_SYNTHTC_SCRTSTN,,,TRNCH_SYNTHTC_SCRTSTN,,,,,,,,,,
,TRNCH_SYNTHTC_SCRTSTN_SCRTSTN_SPCL_PRPS_ENTTY,TRNCH_SYNTHTC_SCRTSTN_SCRTSTN_SPCL_PRPS_ENTTY,,,TRNCH_SYNTHTC_SCRTSTN_SCRTSTN_SPCL_PRPS_ENTTY,,,,,,,,,,
,TRNCH_SYNTHTC_SCRTSTN_WTHT_SSPE,TRNCH_SYNTHTC_SCRTSTN_WTHT_SSPE,,,TRNCH_SYNTHTC_SCRTSTN_WTHT_SSPE,,,,,,,,,,
,TRNCH_SYNTHTC_SCRTSTN_WTHT_SSPE_DPST,TRNCH_SYNTHTC_SCRTSTN_WTHT_SSPE_DPST,,,TRNCH_SYNTHTC_SCRTSTN_WTHT_SSPE_DPST,,,,,,,,,,
,TRNCH_SYNTHTC_SCRTSTN_WTHT_SSPE_FNNCL_GRNT,TRNCH_SYNTHTC_SCRTSTN_WTHT_SSPE_FNNCL_GRNT,,,TRNCH_SYNTHTC_SCRTSTN_WTHT_SSPE_FNNCL_GRNT,,,,,,,,,,
,TRNCH_TRDTNL_SCRTSTN,TRNCH_TRDTNL_SCRTSTN,,,TRNCH_TRDTNL_SCRTSTN,,,,,,,,,,
,TRNSFRBL_DPST,TRNSFRBL_DPST,,,TRNSFRBL_DPST,,,,,,,,,,
,TRNSFRBL_DPST_DRVD_DT,TRNSFRBL_DPST_DRVD_DT,,,TRNSFRBL_DPST_DRVD_DT,,,,,,,,,,
,TRNSFRD_ASST_LG,TRNSFRD_ASST_LG,,,TRNSFRD_ASST_LG,,,,,,,,,,
,TRNSFRRD_ASST_LG_INSTRMNT_ASSGNMNT,TRNSFRRD_ASST_LG_INSTRMNT_ASSGNMNT,,,TRNSFRRD_ASST_LG_INSTRMNT_ASSGNMNT,,,,,,,,,,
,TRNST_ITM,TRNST_ITM,,,TRNST_ITM,,,,,,,,,,
,TS_ASST,TS_ASST,,,TS_ASST,,,,,,,,,,
,TX_LBLTY,TX_LBLTY,,,TX_LBLTY,,,,,,,,,,
,UPU_SYSTM_PRTY,UPU_SYSTM_PRTY,,,UPU_SYSTM_PRTY,,,,,,,,,,
,VARIABLE,VARIABLE,,,VARIABLE,,,,,,,,,,
,VARIABLE_MAPPING,VARIABLE_MAPPING,,,VARIABLE_MAPPING,,,,,,,,,,
,VARIABLE_MAPPING_ITEM,VARIABLE_MAPPING_ITEM,,,VARIABLE_MAPPING_ITEM,,,,,,,,,,
,VARIABLE_SET,VARIABLE_SET,,,VARIABLE_SET,,,,,,,,,,
,VARIABLE_SET_ENUMERATION,VARIABLE_SET_ENUMERATION,,,VARIABLE_SET_ENUMERATION,,,,,,,,,,
,VG_SNSTVTY,VG_SNSTVTY,,,VG_SNSTVTY,,,,,,,,,,